Stkcd,Trddt,Clsprc,Dnshrtrd,Adjprcwd,Adjprcnd,Trdsta
600028,2011/11/1,7.15,31917925,11.392986,9.151916,1
600028,2011/11/2,7.24,35100264,11.536394,9.267115,1
600028,2011/11/3,7.22,35251426,11.504526,9.241516,1
600028,2011/11/4,7.41,86874502,11.807277,9.484713,1
600028,2011/11/7,7.43,44537554,11.839145,9.510313,1
600028,2011/11/8,7.59,90025636,12.094093,9.715111,1
600028,2011/11/9,7.55,42929303,12.030356,9.663912,1
600028,2011/11/10,7.41,30593418,11.807277,9.484713,1
600028,2011/11/11,7.5,21997850,11.950685,9.599912,1
600028,2011/11/14,7.59,18179452,12.094093,9.715111,1
600028,2011/11/15,7.6,17754643,12.110027,9.727911,1
600028,2011/11/16,7.36,32924592,11.727605,9.420714,1
600028,2011/11/17,7.35,14706056,11.711671,9.407914,1
600028,2011/11/18,7.23,17940177,11.52046,9.254315,1
600028,2011/11/21,7.29,9079051,11.616066,9.331115,1
600028,2011/11/22,7.29,15533265,11.616066,9.331115,1
600028,2011/11/23,7.26,12459266,11.568263,9.292715,1
600028,2011/11/24,7.3,11314256,11.632,9.343915,1
600028,2011/11/25,7.26,17697104,11.568263,9.292715,1
600028,2011/11/28,7.24,12687941,11.536394,9.267115,1
600028,2011/11/29,7.33,13908645,11.679803,9.382314,1
600028,2011/11/30,7.1,20863540,11.313315,9.087917,1
600028,2011/12/1,7.3,31709425,11.632,9.343915,1
600028,2011/12/2,7.19,14470085,11.456723,9.203116,1
600028,2011/12/5,7.27,20800093,11.584197,9.305515,1
600028,2011/12/6,7.41,27787049,11.807277,9.484713,1
600028,2011/12/7,7.47,26361116,11.902882,9.561513,1
600028,2011/12/8,7.42,8652895,11.823211,9.497513,1
600028,2011/12/9,7.4,10083448,11.791342,9.471913,1
600028,2011/12/12,7.23,11216897,11.52046,9.254315,1
600028,2011/12/13,7.14,24207316,11.377052,9.139117,1
600028,2011/12/14,7.08,25631200,11.281446,9.062317,1
600028,2011/12/16,7.2,41432749,11.472657,9.215916,1
600028,2011/12/19,7.09,33623133,11.297381,9.075117,1
600028,2011/12/20,7.13,31510309,11.361118,9.126317,1
600028,2011/12/21,7.11,17329088,11.329249,9.100717,1
600028,2011/12/22,7.03,31614010,11.201775,8.998318,1
600028,2011/12/23,7.1,9266873,11.313315,9.087917,1
600028,2011/12/26,7.14,15957279,11.377052,9.139117,1
600028,2011/12/27,7.07,11864533,11.265512,9.049517,1
600028,2011/12/28,7.11,27565971,11.329249,9.100717,1
600028,2011/12/29,7.13,17180430,11.361118,9.126317,1
600028,2011/12/30,7.18,27298170,11.440789,9.190316,1
600028,2012/1/4,7.36,52818138,11.727605,9.420714,1
600028,2012/1/5,7.42,47888457,11.823211,9.497513,1
600028,2012/1/6,7.48,39465447,11.918816,9.574313,1
600028,2012/1/9,7.75,74396015,12.349041,9.919909,1
600028,2012/1/10,7.79,73542406,12.412778,9.971109,1
600028,2012/1/11,7.7,39298475,12.26937,9.85591,1
600028,2012/1/12,7.66,30545148,12.205633,9.80471,1
600028,2012/1/13,7.62,31027759,12.141896,9.753511,1
600028,2012/1/16,7.54,22287819,12.014422,9.651112,1
600028,2012/1/17,7.74,57861998,12.333107,9.907109,1
600028,2012/1/18,7.58,43695592,12.078159,9.702311,1
600028,2012/1/19,7.66,40746187,12.205633,9.80471,1
600028,2012/1/20,7.74,42451662,12.333107,9.907109,1
600028,2012/1/30,7.7,47473301,12.26937,9.85591,1
600028,2012/1/31,7.76,21558522,12.364975,9.932709,1
600028,2012/2/1,7.79,42775193,12.412778,9.971109,1
600028,2012/2/2,7.86,37243446,12.524318,10.060708,1
600028,2012/2/3,7.81,48543937,12.444646,9.996709,1
600028,2012/2/6,7.78,28192837,12.396844,9.958309,1
600028,2012/2/7,7.65,30492164,12.189698,9.791911,1
600028,2012/2/8,7.78,71692608,12.396844,9.958309,1
600028,2012/2/9,7.69,43981062,12.253435,9.84311,1
600028,2012/2/10,7.67,28641272,12.221567,9.81751,1
600028,2012/2/13,7.65,29577368,12.189698,9.791911,1
600028,2012/2/14,7.66,26808206,12.205633,9.80471,1
600028,2012/2/15,7.72,29300854,12.301238,9.88151,1
600028,2012/2/16,7.64,26524851,12.173764,9.779111,1
600028,2012/2/17,7.61,25322830,12.125961,9.740711,1
600028,2012/2/20,7.6,40419523,12.110027,9.727911,1
600028,2012/2/21,7.55,65818392,12.030356,9.663912,1
600028,2012/2/22,7.58,44689541,12.078159,9.702311,1
600028,2012/2/23,7.59,57674799,12.094093,9.715111,1
600028,2012/2/24,7.63,79082131,12.15783,9.766311,1
600028,2012/2/27,7.69,105054560,12.253435,9.84311,1
600028,2012/2/28,7.7,51889212,12.26937,9.85591,1
600028,2012/2/29,7.62,40094017,12.141896,9.753511,1
600028,2012/3/1,7.57,32951812,12.062224,9.689511,1
600028,2012/3/2,7.65,43803021,12.189698,9.791911,1
600028,2012/3/5,7.57,30433385,12.062224,9.689511,1
600028,2012/3/6,7.45,52321959,11.871013,9.535913,1
600028,2012/3/7,7.43,34941770,11.839145,9.510313,1
600028,2012/3/8,7.49,26100103,11.93475,9.587112,1
600028,2012/3/9,7.54,31919500,12.014422,9.651112,1
600028,2012/3/12,7.48,27094454,11.918816,9.574313,1
600028,2012/3/13,7.55,32869203,12.030356,9.663912,1
600028,2012/3/14,7.51,89584050,11.966619,9.612712,1
600028,2012/3/15,7.56,75249158,12.04629,9.676712,1
600028,2012/3/16,7.66,43496558,12.205633,9.80471,1
600028,2012/3/19,7.64,33657436,12.173765,9.77911,1
600028,2012/3/20,7.6,48261842,12.110028,9.72791,1
600028,2012/3/21,7.52,26103245,11.982554,9.625511,1
600028,2012/3/22,7.45,17973996,11.871014,9.535912,1
600028,2012/3/23,7.43,19908149,11.839146,9.510312,1
600028,2012/3/26,7.44,10433271,11.85508,9.523112,1
600028,2012/3/27,7.45,19517779,11.871014,9.535912,1
600028,2012/3/28,7.25,29348535,11.552329,9.279914,1
600028,2012/3/29,7.13,33876887,11.361118,9.126315,1
600028,2012/3/30,7.19,17889436,11.456723,9.203114,1
600028,2012/4/5,7.2,36890614,11.472657,9.215914,1
600028,2012/4/6,7.18,37695915,11.440789,9.190314,1
600028,2012/4/9,7.14,17191949,11.377052,9.139115,1
600028,2012/4/10,7.17,21055125,11.424855,9.177515,1
600028,2012/4/11,7.17,19112776,11.424855,9.177515,1
600028,2012/4/12,7.27,37672180,11.584197,9.305514,1
600028,2012/4/13,7.27,18880600,11.584197,9.305514,1
600028,2012/4/16,7.27,13543257,11.584197,9.305514,1
600028,2012/4/17,7.23,15600448,11.52046,9.254314,1
600028,2012/4/18,7.29,33920635,11.616065,9.331113,1
600028,2012/4/19,7.23,37060768,11.52046,9.254314,1
600028,2012/4/20,7.35,55123206,11.711671,9.407913,1
600028,2012/4/23,7.27,27771383,11.584197,9.305514,1
600028,2012/4/24,7.29,56362264,11.616065,9.331113,1
600028,2012/4/25,7.28,41721836,11.600131,9.318313,1
600028,2012/4/26,7.28,26793212,11.600131,9.318313,1
600028,2012/4/27,7.18,38577664,11.440789,9.190314,1
600028,2012/5/2,7.34,57816119,11.695737,9.395112,1
600028,2012/5/3,7.33,18782670,11.679803,9.382312,1
600028,2012/5/4,7.27,40500651,11.584198,9.305513,1
600028,2012/5/7,7.29,44020299,11.616066,9.331113,1
600028,2012/5/8,7.25,42491919,11.552329,9.279913,1
600028,2012/5/9,7.11,50422992,11.32925,9.100715,1
600028,2012/5/10,7.12,33037955,11.345184,9.113515,1
600028,2012/5/14,7.04,51140335,11.21771,9.011116,1
600028,2012/5/15,7,22815282,11.153973,8.959916,1
600028,2012/5/16,6.94,37420573,11.058368,8.883117,1
600028,2012/5/17,7.03,20889051,11.201776,8.998316,1
600028,2012/5/18,6.92,24699288,11.026499,8.857517,1
600028,2012/5/21,6.98,25821767,11.122104,8.934316,1
600028,2012/5/22,7.01,23398089,11.169907,8.972716,1
600028,2012/5/23,6.99,21444230,11.138039,8.947116,1
600028,2012/5/24,6.96,20359222,11.090236,8.908716,1
600028,2012/5/25,6.99,15476493,11.138039,8.947116,1
600028,2012/5/28,6.78,31228771,11.1221,8.678318,1
600028,2012/5/29,6.79,52462656,11.138504,8.691118,1
600028,2012/5/30,6.77,28297826,11.105695,8.665518,1
600028,2012/5/31,6.68,27294237,10.958057,8.550319,1
600028,2012/6/1,6.7,21567396,10.990866,8.575919,1
600028,2012/6/4,6.49,43257741,10.646376,8.307122,1
600028,2012/6/5,6.5,18639597,10.66278,8.319922,1
600028,2012/6/6,6.5,16894893,10.66278,8.319922,1
600028,2012/6/7,6.48,18810753,10.629971,8.294322,1
600028,2012/6/8,6.45,14081621,10.580758,8.255922,1
600028,2012/6/11,6.52,27850995,10.695588,8.345521,1
600028,2012/6/12,6.48,16428352,10.629971,8.294321,1
600028,2012/6/13,6.46,41933963,10.597162,8.268721,1
600028,2012/6/14,6.41,22129192,10.515141,8.204722,1
600028,2012/6/15,6.49,31092262,10.646375,8.307121,1
600028,2012/6/18,6.47,22028289,10.613566,8.281521,1
600028,2012/6/19,6.42,28353342,10.531545,8.217522,1
600028,2012/6/20,6.44,15121662,10.564354,8.243122,1
600028,2012/6/21,6.4,40471971,10.498737,8.191922,1
600028,2012/6/25,6.37,26247104,10.449524,8.153522,1
600028,2012/6/26,6.34,25301713,10.400311,8.115122,1
600028,2012/6/27,6.34,13950530,10.400311,8.115122,1
600028,2012/6/28,6.29,12696778,10.31829,8.051123,1
600028,2012/6/29,6.3,22508170,10.334694,8.063923,1
600028,2012/7/2,6.25,18442218,10.252673,7.999924,1
600028,2012/7/3,6.27,15560943,10.285481,8.025523,1
600028,2012/7/4,6.26,17117895,10.269077,8.012723,1
600028,2012/7/5,6.11,29824824,10.023013,7.820725,1
600028,2012/7/6,6.08,36986630,9.9738,7.782325,1
600028,2012/7/9,5.8,58625790,9.51448,7.423928,1
600028,2012/7/10,5.84,40740426,9.580097,7.475128,1
600028,2012/7/11,5.82,23604269,9.547288,7.449528,1
600028,2012/7/12,5.85,61537912,9.596501,7.487928,1
600028,2012/7/13,5.95,41575997,9.760544,7.615927,1
600028,2012/7/16,5.91,24030212,9.694927,7.564727,1
600028,2012/7/17,5.94,15164717,9.74414,7.603127,1
600028,2012/7/18,5.99,16643051,9.826161,7.667126,1
600028,2012/7/19,6.12,37921341,10.039417,7.833524,1
600028,2012/7/20,6.08,23825611,9.9738,7.782324,1
600028,2012/7/23,6.02,14323509,9.875374,7.705525,1
600028,2012/7/24,6.07,17691394,9.957395,7.769524,1
600028,2012/7/25,6.05,19465812,9.924586,7.743924,1
600028,2012/7/26,6.07,13595350,9.957395,7.769524,1
600028,2012/7/27,6.11,20577593,10.023012,7.820723,1
600028,2012/7/30,6.1,15394011,10.006608,7.807923,1
600028,2012/7/31,6.05,12348588,9.924587,7.743924,1
600028,2012/8/1,6.04,17419008,9.908183,7.731124,1
600028,2012/8/2,5.95,15617028,9.760545,7.615925,1
600028,2012/8/3,6.08,20432605,9.973801,7.782323,1
600028,2012/8/6,6.1,13624918,10.00661,7.807923,1
600028,2012/8/7,6.12,22640976,10.039419,7.833523,1
600028,2012/8/8,6.1,20081770,10.00661,7.807923,1
600028,2012/8/9,6.15,14703296,10.088631,7.871922,1
600028,2012/8/10,6.13,17656238,10.055822,7.846322,1
600028,2012/8/13,6.12,14397621,10.039418,7.833522,1
600028,2012/8/14,6.19,24556567,10.154248,7.923121,1
600028,2012/8/15,6.13,12435516,10.055822,7.846322,1
600028,2012/8/16,6.13,9948843,10.055822,7.846322,1
600028,2012/8/17,6.19,26258956,10.154248,7.923121,1
600028,2012/8/20,6.12,10754067,10.039418,7.833522,1
600028,2012/8/21,6.15,15516837,10.088631,7.871922,1
600028,2012/8/22,6.06,12312414,9.940992,7.756723,1
600028,2012/8/23,6.07,16241270,9.957396,7.769523,1
600028,2012/8/24,6.02,15364598,9.875375,7.705524,1
600028,2012/8/27,5.91,18908901,9.694928,7.564725,1
600028,2012/8/28,6.23,51496761,10.219864,7.974321,1
600028,2012/8/29,6.04,29965555,9.908183,7.731123,1
600028,2012/8/30,6.08,18848030,9.9738,7.782323,1
600028,2012/8/31,6.04,13653353,9.908183,7.731124,1
600028,2012/9/3,6.05,29863369,9.924587,7.743924,1
600028,2012/9/4,6.11,28469165,10.023013,7.820723,1
600028,2012/9/5,6.05,12807267,9.924587,7.743924,1
600028,2012/9/6,6.02,18348036,9.875374,7.705524,1
600028,2012/9/7,6.18,60846281,10.137842,7.910322,1
600028,2012/9/10,6.22,29454096,10.203459,7.961521,1
600028,2012/9/11,6.14,24682907,10.072225,7.859122,1
600028,2012/9/12,6.15,14474681,10.088629,7.871922,1
600028,2012/9/13,6.12,11832570,10.039416,7.833522,1
600028,2012/9/14,6.14,20702556,10.072225,7.859122,1
600028,2012/9/17,5.99,17239356,9.990197,7.667124,1
600028,2012/9/18,5.94,12750619,9.906806,7.603125,1
600028,2012/9/19,5.94,11082034,9.906806,7.603125,1
600028,2012/9/20,5.85,20805499,9.756703,7.487926,1
600028,2012/9/21,5.94,19871964,9.906806,7.603125,1
600028,2012/9/24,5.89,12827987,9.823415,7.539126,1
600028,2012/9/25,5.91,11015573,9.856771,7.564726,1
600028,2012/9/26,5.83,14809217,9.723346,7.462327,1
600028,2012/9/27,5.93,33514637,9.890127,7.590326,1
600028,2012/9/28,5.99,21519153,9.990196,7.667125,1
600028,2012/10/8,5.99,18688650,9.990196,7.667125,1
600028,2012/10/9,6.18,65231300,10.30708,7.910323,1
600028,2012/10/10,6.21,25332613,10.357114,7.948723,1
600028,2012/10/11,6.18,20025949,10.30708,7.910323,1
600028,2012/10/12,6.1,38379249,10.173655,7.807924,1
600028,2012/10/15,6.14,10512668,10.240367,7.859124,1
600028,2012/10/16,6.12,12953249,10.207011,7.833524,1
600028,2012/10/17,6.23,34407020,10.39047,7.974323,1
600028,2012/10/18,6.34,47874608,10.573929,8.115122,1
600028,2012/10/19,6.37,33670819,10.623963,8.153522,1
600028,2012/10/22,6.4,20754115,10.673997,8.191922,1
600028,2012/10/23,6.3,24314956,10.507216,8.063923,1
600028,2012/10/24,6.31,10263986,10.523894,8.076723,1
600028,2012/10/25,6.22,15240548,10.373791,7.961524,1
600028,2012/10/26,6.17,13480910,10.2904,7.897525,1
600028,2012/10/29,6.24,14441499,10.407147,7.987124,1
600028,2012/10/30,6.2,13975486,10.340435,7.935924,1
600028,2012/10/31,6.23,16189769,10.390469,7.974324,1
600028,2012/11/1,6.38,31407285,10.640641,8.166322,1
600028,2012/11/2,6.41,18712845,10.690675,8.204722,1
600028,2012/11/5,6.41,12819758,10.690675,8.204722,1
600028,2012/11/6,6.36,13848731,10.607284,8.140723,1
600028,2012/11/7,6.4,10776540,10.673996,8.191923,1
600028,2012/11/8,6.3,9469377,10.507215,8.063924,1
600028,2012/11/9,6.26,7492942,10.440503,8.012724,1
600028,2012/11/12,6.24,18249617,10.407147,7.987124,1
600028,2012/11/13,6.19,19173373,10.323756,7.923125,1
600028,2012/11/14,6.21,11894078,10.357112,7.948725,1
600028,2012/11/15,6.16,15638165,10.273721,7.884726,1
600028,2012/11/16,6.04,20790625,10.073584,7.731127,1
600028,2012/11/19,6.06,9293804,10.10694,7.756727,1
600028,2012/11/20,6.02,14714860,10.040228,7.705527,1
600028,2012/11/21,6.11,10657703,10.190331,7.820726,1
600028,2012/11/22,6.04,16055727,10.073584,7.731127,1
600028,2012/11/23,6.06,15982909,10.10694,7.756727,1
600028,2012/11/26,6.08,11725040,10.140296,7.782327,1
600028,2012/11/27,6.03,22363593,10.056905,7.718328,1
600028,2012/11/28,6.05,18369490,10.090261,7.743928,1
600028,2012/11/29,5.97,16903947,9.956836,7.641529,1
600028,2012/11/30,6.02,10043491,10.040227,7.705528,1
600028,2012/12/3,6.11,23948836,10.19033,7.820727,1
600028,2012/12/4,6.11,17425994,10.19033,7.820727,1
600028,2012/12/5,6.29,59999211,10.490536,8.051125,1
600028,2012/12/6,6.26,25134208,10.440502,8.012725,1
600028,2012/12/7,6.39,39845137,10.657318,8.179123,1
600028,2012/12/10,6.4,35345658,10.673996,8.191923,1
600028,2012/12/11,6.34,23274036,10.573927,8.115124,1
600028,2012/12/12,6.33,21225085,10.557249,8.102324,1
600028,2012/12/13,6.28,22344868,10.473858,8.038325,1
600028,2012/12/14,6.53,62715336,10.890811,8.358322,1
600028,2012/12/17,6.61,57900455,11.024236,8.460721,1
600028,2012/12/18,6.6,36702049,11.007558,8.447921,1
600028,2012/12/19,6.62,28067575,11.040914,8.473521,1
600028,2012/12/20,6.72,38354606,11.207695,8.60152,1
600028,2012/12/21,6.66,38366268,11.107626,8.524721,1
600028,2012/12/24,6.6,16006652,11.007557,8.447922,1
600028,2012/12/25,6.76,52801260,11.274407,8.65272,1
600028,2012/12/26,6.85,40368346,11.42451,8.767919,1
600028,2012/12/27,6.79,32007935,11.324441,8.69112,1
600028,2012/12/28,6.8,45161637,11.341119,8.70392,1
600028,2012/12/31,6.92,51955356,11.541256,8.857519,1
600028,2013/1/4,6.96,36630894,11.607969,8.908718,1
600028,2013/1/7,6.88,31424962,11.474544,8.806319,1
600028,2013/1/8,6.91,51556884,11.524578,8.844719,1
600028,2013/1/9,6.9,35857621,11.5079,8.831919,1
600028,2013/1/10,7.04,65767672,11.741394,9.011117,1
600028,2013/1/11,6.94,57294519,11.574613,8.883118,1
600028,2013/1/14,7.11,54188922,11.858141,9.100716,1
600028,2013/1/15,7.07,58946809,11.791429,9.049516,1
600028,2013/1/16,6.89,68640465,11.491223,8.819118,1
600028,2013/1/17,6.76,62679112,11.274407,8.65272,1
600028,2013/1/18,6.86,37819809,11.441188,8.780719,1
600028,2013/1/21,6.88,35742516,11.474544,8.806319,1
600028,2013/1/22,6.82,46892579,11.374475,8.72952,1
600028,2013/1/23,6.89,35482504,11.491222,8.819119,1
600028,2013/1/24,6.92,75031251,11.541256,8.857519,1
600028,2013/1/25,6.85,44201808,11.424509,8.76792,1
600028,2013/1/28,7,43832997,11.674681,8.959918,1
600028,2013/1/29,6.99,39694262,11.658003,8.947118,1
600028,2013/1/30,7.11,71111840,11.85814,9.100717,1
600028,2013/1/31,7.07,39477608,11.791428,9.049517,1
600028,2013/2/1,7.08,35800325,11.808106,9.062317,1
600028,2013/2/4,7.05,63776266,11.758072,9.023917,1
600028,2013/2/5,6.9,111744616,11.5079,8.831919,1
600028,2013/2/6,6.9,39659319,11.5079,8.831919,1
600028,2013/2/7,6.9,62344482,11.5079,8.831919,1
600028,2013/2/8,7.03,58215993,11.724716,8.998317,1
600028,2013/2/18,7.16,82175128,11.941531,9.164716,1
600028,2013/2/19,7.16,95457046,11.941531,9.164716,1
600028,2013/2/20,7.28,73830945,12.141668,9.318315,1
600028,2013/2/21,7.08,59995827,11.808106,9.062317,1
600028,2013/2/22,6.98,44999852,11.641325,8.934318,1
600028,2013/2/25,7.17,68734142,11.958209,9.177516,1
600028,2013/2/26,7.13,52318697,11.891497,9.126316,1
600028,2013/2/27,7.09,24736614,11.824785,9.075116,1
600028,2013/2/28,7.23,49198317,12.058279,9.254314,1
600028,2013/3/1,7.21,35827230,12.024923,9.228714,1
600028,2013/3/4,7.14,67099190,11.908176,9.139115,1
600028,2013/3/5,7.15,46409690,11.924854,9.151915,1
600028,2013/3/6,7.26,41424934,12.108313,9.292714,1
600028,2013/3/7,7.31,52018587,12.191704,9.356713,1
600028,2013/3/8,7.39,46567908,12.325129,9.459112,1
600028,2013/3/11,7.35,18902394,12.258417,9.407912,1
600028,2013/3/12,7.47,76764423,12.458554,9.561511,1
600028,2013/3/13,7.47,62391721,12.458554,9.561511,1
600028,2013/3/14,7.44,37118792,12.40852,9.523111,1
600028,2013/3/15,7.53,43849455,12.558623,9.63831,1
600028,2013/3/18,7.16,55227465,11.941533,9.164714,1
600028,2013/3/19,7.35,53617013,12.258417,9.407912,1
600028,2013/3/20,7.41,45748034,12.358486,9.484711,1
600028,2013/3/21,7.52,72121328,12.541945,9.62551,1
600028,2013/3/22,7.72,98785465,12.875507,9.881508,1
600028,2013/3/25,7.6,54407311,12.67537,9.727909,1
600028,2013/3/26,7.44,48730136,12.40852,9.523111,1
600028,2013/3/27,7.47,66584234,12.458554,9.561511,1
600028,2013/3/28,7.42,41149737,12.375163,9.497512,1
600028,2013/3/29,7.39,21177810,12.325129,9.459112,1
600028,2013/4/1,7.38,28045610,12.308451,9.446312,1
600028,2013/4/2,7.25,41295592,12.091635,9.279914,1
600028,2013/4/3,7.24,27229602,12.074957,9.267114,1
600028,2013/4/8,7.2,32179364,12.008245,9.215914,1
600028,2013/4/9,7.2,31201633,12.008245,9.215914,1
600028,2013/4/10,7.16,32822755,11.941533,9.164714,1
600028,2013/4/11,7.18,25700311,11.974889,9.190314,1
600028,2013/4/12,7.07,29348326,11.79143,9.049515,1
600028,2013/4/15,6.86,48541085,11.44119,8.780718,1
600028,2013/4/16,6.87,31072341,11.457868,8.793518,1
600028,2013/4/17,6.86,16721324,11.44119,8.780718,1
600028,2013/4/18,6.82,23843374,11.374478,8.729518,1
600028,2013/4/19,6.94,38925152,11.574615,8.883117,1
600028,2013/4/22,6.9,31594230,11.507903,8.831917,1
600028,2013/4/23,6.63,55443252,11.057594,8.48632,1
600028,2013/4/24,6.74,28374411,11.241053,8.627119,1
600028,2013/4/25,6.78,28122815,11.307765,8.678319,1
600028,2013/4/26,6.73,18534969,11.224374,8.61432,1
600028,2013/5/2,6.68,19665058,11.140983,8.550321,1
600028,2013/5/3,6.77,27332850,11.291086,8.66552,1
600028,2013/5/6,6.89,31526766,11.491223,8.819119,1
600028,2013/5/7,6.85,22288932,11.424511,8.767919,1
600028,2013/5/8,6.85,28242039,11.424511,8.767919,1
600028,2013/5/9,6.71,45120567,11.191017,8.588721,1
600028,2013/5/10,6.68,60444661,11.140983,8.550321,1
600028,2013/5/13,6.69,30060813,11.157661,8.563121,1
600028,2013/5/14,6.61,37625404,11.024236,8.460722,1
600028,2013/5/15,6.62,14908557,11.040914,8.473522,1
600028,2013/5/16,6.67,26995578,11.124305,8.537521,1
600028,2013/5/17,6.78,38856570,11.307764,8.67832,1
600028,2013/5/20,6.91,40683641,11.52458,8.844718,1
600028,2013/5/21,6.85,31029794,11.424511,8.767919,1
600028,2013/5/22,6.82,23834721,11.374477,8.729519,1
600028,2013/5/23,6.75,29376265,11.25773,8.63992,1
600028,2013/5/24,6.7,35602159,11.174339,8.575921,1
600028,2013/5/27,6.72,27082559,11.207695,8.601521,1
600028,2013/5/28,6.8,33847750,11.34112,8.70392,1
600028,2013/5/29,6.8,32195841,11.34112,8.70392,1
600028,2013/5/30,6.75,38113378,11.257729,8.639921,1
600028,2013/5/31,6.74,22114974,11.241051,8.627121,1
600028,2013/6/3,6.74,22660310,11.241051,8.627121,1
600028,2013/6/4,6.73,26327245,11.224373,8.614321,1
600028,2013/6/5,6.71,16055323,11.191017,8.588721,1
600028,2013/6/6,6.71,19974731,11.191017,8.588721,1
600028,2013/6/7,6.6,26481187,11.007558,8.447922,1
600028,2013/6/13,6.39,45364687,10.657318,8.179124,1
600028,2013/6/14,6.29,50033996,10.490537,8.051125,1
600028,2013/6/17,6.35,38508548,10.590606,8.127924,1
600028,2013/6/18,6.35,23417536,10.590606,8.127924,1
600028,2013/6/19,4.68,32647331,10.480527,7.787445,1
600028,2013/6/20,4.5,38478375,10.07743,7.487928,1
600028,2013/6/21,4.45,46773174,9.965459,7.404729,1
600028,2013/6/24,4.21,69930841,9.427996,7.005373,1
600028,2013/6/25,4.19,62868124,9.383207,6.972093,1
600028,2013/6/26,4.1,59105978,9.181658,6.822334,1
600028,2013/6/27,4.11,48526420,9.204052,6.838974,1
600028,2013/6/28,4.18,60142916,9.360812,6.955453,1
600028,2013/7/1,4.27,67563957,9.562361,7.105212,1
600028,2013/7/2,4.24,79692018,9.495178,7.055292,1
600028,2013/7/3,4.25,107829581,9.517572,7.071932,1
600028,2013/7/4,4.22,56541281,9.450389,7.022012,1
600028,2013/7/5,4.19,49533732,9.383206,6.972092,1
600028,2013/7/8,4.14,40966840,9.271235,6.888893,1
600028,2013/7/9,4.33,125256487,9.696726,7.20505,1
600028,2013/7/10,4.61,184187228,10.323766,7.670965,1
600028,2013/7/11,4.65,188369883,10.413343,7.737524,1
600028,2013/7/12,4.59,81345689,10.278977,7.637685,1
600028,2013/7/15,4.56,61998481,10.211794,7.587765,1
600028,2013/7/16,4.5,67761846,10.077428,7.487926,1
600028,2013/7/17,4.45,84745253,9.965457,7.404727,1
600028,2013/7/18,4.4,66667540,9.853486,7.321528,1
600028,2013/7/19,4.45,75464903,9.965457,7.404727,1
600028,2013/7/22,4.45,61540000,9.965457,7.404727,1
600028,2013/7/23,4.48,79216376,10.03264,7.454647,1
600028,2013/7/24,4.43,36931677,9.920669,7.371448,1
600028,2013/7/25,4.38,66258945,9.808698,7.288249,1
600028,2013/7/26,4.35,37183405,9.741515,7.238329,1
600028,2013/7/29,4.26,40415655,9.539966,7.08857,1
600028,2013/7/30,4.37,52510554,9.786303,7.271608,1
600028,2013/7/31,4.38,27533078,9.808697,7.288248,1
600028,2013/8/1,4.43,34945088,9.920668,7.371447,1
600028,2013/8/2,4.44,23229945,9.943062,7.388087,1
600028,2013/8/5,4.46,33421697,9.987851,7.421367,1
600028,2013/8/6,4.44,35860024,9.943062,7.388087,1
600028,2013/8/7,4.39,43740058,9.831091,7.304888,1
600028,2013/8/8,4.37,26416419,9.786302,7.271608,1
600028,2013/8/9,4.39,34578219,9.831091,7.304888,1
600028,2013/8/12,4.53,63810648,10.144611,7.537846,1
600028,2013/8/13,4.54,37012924,10.167005,7.554486,1
600028,2013/8/14,4.53,36587148,10.144611,7.537846,1
600028,2013/8/15,4.5,26343549,10.077428,7.487926,1
600028,2013/8/16,4.52,123948082,10.122217,7.521206,1
600028,2013/8/19,4.5,47809564,10.077428,7.487926,1
600028,2013/8/20,4.43,50360041,9.920668,7.371447,1
600028,2013/8/21,4.43,29116738,9.920668,7.371447,1
600028,2013/8/22,4.4,25221945,9.853485,7.321527,1
600028,2013/8/23,4.36,32884210,9.763908,7.254968,1
600028,2013/8/26,4.43,49335286,9.920668,7.371447,1
600028,2013/8/27,4.4,31127862,9.853485,7.321527,1
600028,2013/8/28,4.44,51349644,9.943062,7.388086,1
600028,2013/8/29,4.43,32166983,9.920668,7.371446,1
600028,2013/8/30,4.41,55704996,9.875879,7.338166,1
600028,2013/9/2,4.41,39266207,9.875879,7.338166,1
600028,2013/9/3,4.45,43417738,9.965456,7.404725,1
600028,2013/9/4,4.47,45147020,10.010245,7.438005,1
600028,2013/9/5,4.47,34999770,10.010245,7.438005,1
600028,2013/9/6,4.5,42577711,10.077428,7.487924,1
600028,2013/9/9,4.61,104670002,10.323765,7.670962,1
600028,2013/9/10,4.65,93173706,10.413342,7.737521,1
600028,2013/9/11,4.69,116493413,10.502919,7.80408,1
600028,2013/9/12,4.64,98058126,10.592488,7.720881,1
600028,2013/9/13,4.58,54888159,10.455516,7.621042,1
600028,2013/9/16,4.58,35267534,10.455516,7.621042,1
600028,2013/9/17,4.47,44210839,10.204401,7.438004,1
600028,2013/9/18,4.46,38366635,10.181572,7.421364,1
600028,2013/9/23,4.49,31869500,10.250058,7.471283,1
600028,2013/9/24,4.49,42892530,10.250058,7.471283,1
600028,2013/9/25,4.45,42309575,10.158743,7.404724,1
600028,2013/9/26,4.41,39142275,10.067428,7.338165,1
600028,2013/9/27,4.44,29475827,10.135914,7.388084,1
600028,2013/9/30,4.44,20322464,10.135914,7.388084,1
600028,2013/10/8,4.47,31243383,10.2044,7.438003,1
600028,2013/10/9,4.49,22452762,10.250057,7.471283,1
600028,2013/10/10,4.44,31797632,10.135914,7.388084,1
600028,2013/10/11,4.47,37966222,10.2044,7.438003,1
600028,2013/10/14,4.45,37494536,10.158743,7.404723,1
600028,2013/10/15,4.42,36800896,10.090257,7.354804,1
600028,2013/10/16,4.38,35272011,9.998949,7.288246,1
600028,2013/10/17,4.38,28038849,9.998949,7.288246,1
600028,2013/10/18,4.37,20040632,9.97612,7.271606,1
600028,2013/10/21,4.4,27522362,10.044606,7.321525,1
600028,2013/10/22,4.39,18661082,10.021777,7.304885,1
600028,2013/10/23,4.36,24417022,9.953291,7.254966,1
600028,2013/10/24,4.32,36404091,9.861976,7.188407,1
600028,2013/10/25,4.27,32590148,9.747833,7.105208,1
600028,2013/10/28,4.28,21375902,9.770662,7.121848,1
600028,2013/10/29,4.34,69716579,9.907634,7.221687,1
600028,2013/10/30,4.49,106879884,10.250064,7.471284,1
600028,2013/10/31,4.51,70538529,10.295721,7.504564,1
600028,2013/11/1,4.53,53605861,10.341378,7.537844,1
600028,2013/11/4,4.52,30970546,10.318549,7.521204,1
600028,2013/11/5,4.62,119384064,10.546835,7.687602,1
600028,2013/11/6,4.72,187806791,10.775121,7.854,1
600028,2013/11/7,4.79,100785683,10.934922,7.970479,1
600028,2013/11/8,4.78,78734528,10.912093,7.953839,1
600028,2013/11/11,4.77,55448956,10.889264,7.937199,1
600028,2013/11/12,4.76,47326010,10.866435,7.920559,1
600028,2013/11/13,4.68,84040519,10.683806,7.78744,1
600028,2013/11/14,4.64,39500986,10.592491,7.720881,1
600028,2013/11/15,4.76,101240860,10.866435,7.920559,1
600028,2013/11/18,4.94,108663580,11.277351,8.220076,1
600028,2013/11/19,4.95,94423358,11.30018,8.236716,1
600028,2013/11/20,4.93,54998730,11.254523,8.203436,1
600028,2013/11/21,5.02,81621598,11.459981,8.353194,1
600028,2013/11/22,5.05,117965000,11.528467,8.403113,1
600028,2013/11/25,4.85,160309734,11.071894,8.070316,1
600028,2013/11/26,4.72,107289177,10.775122,7.853998,1
600028,2013/11/27,4.72,88936077,10.775122,7.853998,1
600028,2013/11/28,4.8,99906612,10.957751,7.987117,1
600028,2013/11/29,4.78,41449184,10.912094,7.953837,1
600028,2013/12/2,5.01,190615575,11.437153,8.336553,1
600028,2013/12/3,4.93,95191914,11.254524,8.203434,1
600028,2013/12/4,4.94,66962396,11.277353,8.220074,1
600028,2013/12/5,4.93,40618052,11.254524,8.203434,1
600028,2013/12/6,4.92,38989751,11.231695,8.186794,1
600028,2013/12/9,4.95,62769273,11.300181,8.236713,1
600028,2013/12/10,4.85,60646992,11.071895,8.070315,1
600028,2013/12/11,4.74,78091950,10.82078,7.887277,1
600028,2013/12/12,4.81,60613672,10.980581,8.003756,1
600028,2013/12/13,4.75,39402927,10.843609,7.903917,1
600028,2013/12/16,4.7,33952453,10.729466,7.820718,1
600028,2013/12/17,4.69,28635930,10.706637,7.804078,1
600028,2013/12/18,4.67,28714399,10.66098,7.770798,1
600028,2013/12/19,4.61,35977062,10.524008,7.670959,1
600028,2013/12/20,4.55,53271822,10.387036,7.57112,1
600028,2013/12/23,4.61,29134382,10.524008,7.670959,1
600028,2013/12/24,4.57,31969970,10.432693,7.6044,1
600028,2013/12/25,4.58,22612136,10.455522,7.62104,1
600028,2013/12/26,4.48,69155214,10.227235,7.454642,1
600028,2013/12/27,4.48,37525309,10.227235,7.454642,1
600028,2013/12/30,4.43,36003650,10.113092,7.371443,1
600028,2013/12/31,4.48,42844251,10.227235,7.454642,1
600028,2014/1/2,4.46,34716699,10.181578,7.421362,1
600028,2014/1/3,4.38,38122924,9.998949,7.288244,1
600028,2014/1/6,4.48,65410498,10.227236,7.454642,1
600028,2014/1/7,4.4,44528748,10.044607,7.321523,1
600028,2014/1/8,4.39,34388978,10.021778,7.304883,1
600028,2014/1/9,4.4,23632146,10.044607,7.321523,1
600028,2014/1/10,4.42,27551966,10.090264,7.354803,1
600028,2014/1/13,4.48,44062053,10.227236,7.454642,1
600028,2014/1/14,4.59,70843769,10.478351,7.63768,1
600028,2014/1/15,4.65,46615533,10.615323,7.737519,1
600028,2014/1/16,4.62,21152927,10.546837,7.6876,1
600028,2014/1/17,4.66,49037516,10.638152,7.754159,1
600028,2014/1/20,4.62,29532573,10.546837,7.6876,1
600028,2014/1/21,4.61,20238643,10.524008,7.67096,1
600028,2014/1/22,4.65,37143152,10.615323,7.737519,1
600028,2014/1/23,4.58,37685572,10.455522,7.62104,1
600028,2014/1/24,4.6,28579969,10.501179,7.65432,1
600028,2014/1/27,4.52,33444632,10.31855,7.521201,1
600028,2014/1/28,4.49,23967045,10.250064,7.471282,1
600028,2014/1/29,4.49,29583164,10.250064,7.471282,1
600028,2014/1/30,4.46,14031345,10.181578,7.421363,1
600028,2014/2/7,4.47,16970613,10.204407,7.438003,1
600028,2014/2/10,4.52,47180281,10.31855,7.521202,1
600028,2014/2/11,4.54,53933480,10.364207,7.554482,1
600028,2014/2/12,4.52,34119023,10.31855,7.521202,1
600028,2014/2/13,4.5,28434569,10.272893,7.487922,1
600028,2014/2/14,4.53,19865903,10.341379,7.537841,1
600028,2014/2/17,4.57,53158948,10.432694,7.6044,1
600028,2014/2/18,4.53,55271300,10.341379,7.537841,1
600028,2014/2/19,4.7,147369873,10.729466,7.820718,1
600028,2014/2/20,5.17,185242557,11.802413,8.60279,1
600028,2014/2/21,5.01,256515738,11.437155,8.336553,1
600028,2014/2/24,4.82,128373998,11.003411,8.020396,1
600028,2014/2/25,4.89,125441712,11.163212,8.136875,1
600028,2014/2/26,5.07,122661001,11.574128,8.436392,1
600028,2014/2/27,5.41,352995983,12.350302,9.002146,1
600028,2014/2/28,5.37,175352141,12.258987,8.935587,1
600028,2014/3/3,5.38,216635065,12.281816,8.952227,1
600028,2014/3/4,5.33,112207270,12.167673,8.869028,1
600028,2014/3/5,5.1,124387014,11.642614,8.486312,1
600028,2014/3/6,5.22,114113251,11.916558,8.68599,1
600028,2014/3/7,5.35,201532164,12.213331,8.902308,1
600028,2014/3/10,5.2,115462900,11.870901,8.652711,1
600028,2014/3/11,5.22,65268134,11.916558,8.685991,1
600028,2014/3/12,4.97,138048950,11.345842,8.269995,1
600028,2014/3/13,4.98,74086871,11.368671,8.286635,1
600028,2014/3/14,4.97,50573484,11.345842,8.269995,1
600028,2014/3/17,5.07,57622968,11.574129,8.436393,1
600028,2014/3/18,5.02,45506370,11.459986,8.353194,1
600028,2014/3/19,5.05,46367977,11.528472,8.403113,1
600028,2014/3/20,5.07,88102430,11.574129,8.436393,1
600028,2014/3/21,5.24,114838577,11.962216,8.71927,1
600028,2014/3/24,5.22,85468205,11.916559,8.68599,1
600028,2014/3/25,5.17,65329930,11.802416,8.602791,1
600028,2014/3/26,5.15,44445669,11.756759,8.569511,1
600028,2014/3/27,5.04,54118908,11.505644,8.386473,1
600028,2014/3/28,5.02,60217069,11.459987,8.353193,1
600028,2014/3/31,5.03,50777153,11.482816,8.369833,1
600028,2014/4/1,5.04,36243324,11.505644,8.386473,1
600028,2014/4/2,5.09,50375360,11.619788,8.469672,1
600028,2014/4/3,5.07,96443745,11.574131,8.436392,1
600028,2014/4/4,5.04,45096297,11.505645,8.386473,1
600028,2014/4/8,5.14,179521499,11.733932,8.552871,1
600028,2014/4/9,5.31,139505322,12.122019,8.835748,1
600028,2014/4/10,5.36,120429500,12.236162,8.918947,1
600028,2014/4/11,5.32,91303149,12.144847,8.852388,1
600028,2014/4/14,5.44,79394542,12.418791,9.052066,1
600028,2014/4/15,5.29,76548512,12.076361,8.802469,1
600028,2014/4/16,5.26,52937852,12.007875,8.75255,1
600028,2014/4/17,5.24,51814932,11.962218,8.71927,1
600028,2014/4/18,5.23,38687595,11.939389,8.70263,1
600028,2014/4/21,5.13,43474088,11.711102,8.536232,1
600028,2014/4/22,5.23,77728754,11.939389,8.70263,1
600028,2014/4/23,5.22,49151777,11.91656,8.68599,1
600028,2014/4/24,5.19,23845552,11.848074,8.636071,1
600028,2014/4/25,5.07,57564448,11.57413,8.436393,1
600028,2014/4/28,5.07,49208381,11.57413,8.436393,1
600028,2014/4/29,5.02,70704004,11.459987,8.353194,1
600028,2014/4/30,5.02,35694256,11.459987,8.353194,1
600028,2014/5/5,5.04,42037776,11.505644,8.386474,1
600028,2014/5/6,5.03,21550092,11.482815,8.369834,1
600028,2014/5/7,4.94,43761702,11.277357,8.220076,1
600028,2014/5/8,4.96,38591572,11.323014,8.253356,1
600028,2014/5/9,4.96,29535957,11.323014,8.253356,1
600028,2014/5/12,5.07,59391502,11.574129,8.436394,1
600028,2014/5/13,5.1,65110773,11.642615,8.486313,1
600028,2014/5/14,5.13,33517636,11.711101,8.536232,1
600028,2014/5/15,5.03,25230513,11.482814,8.369834,1
600028,2014/5/16,5.03,22241598,11.482814,8.369834,1
600028,2014/5/19,4.99,45671762,11.391499,8.303275,1
600028,2014/5/20,5,23281112,11.414328,8.319915,1
600028,2014/5/21,5.11,46017727,11.665443,8.502953,1
600028,2014/5/22,5.09,31761011,11.619786,8.469673,1
600028,2014/5/23,5.11,15899686,11.665443,8.502953,1
600028,2014/5/26,5.07,23388107,11.574128,8.436394,1
600028,2014/5/27,5.04,27706040,11.505642,8.386475,1
600028,2014/5/28,5.07,29076545,11.574128,8.436394,1
600028,2014/5/29,5.11,45841325,11.665443,8.502953,1
600028,2014/5/30,5.1,33916872,11.642614,8.486313,1
600028,2014/6/3,5.04,42362756,11.848071,8.386472,1
600028,2014/6/4,5.04,26282617,11.848071,8.386472,1
600028,2014/6/5,5.03,23310552,11.824563,8.369832,1
600028,2014/6/6,5.03,20864361,11.824563,8.369832,1
600028,2014/6/9,5.02,15700066,11.801055,8.353192,1
600028,2014/6/10,5.11,62743852,12.012628,8.50295,1
600028,2014/6/11,5.12,29797728,12.036136,8.51959,1
600028,2014/6/12,5.08,25586460,11.942104,8.453031,1
600028,2014/6/13,5.13,35904914,12.059644,8.53623,1
600028,2014/6/16,5.21,74630073,12.247709,8.669349,1
600028,2014/6/17,5.18,31067271,12.177185,8.61943,1
600028,2014/6/18,5.12,30873279,12.036137,8.519591,1
600028,2014/6/19,5.08,37444835,11.942105,8.453032,1
600028,2014/6/20,5.09,27793120,11.965613,8.469672,1
600028,2014/6/23,5.06,26869535,11.895089,8.419753,1
600028,2014/6/24,5.07,20203547,11.918597,8.436393,1
600028,2014/6/25,5.18,74509487,12.177186,8.619431,1
600028,2014/6/26,5.21,62695119,12.24771,8.66935,1
600028,2014/6/27,5.24,61018242,12.318234,8.719269,1
600028,2014/6/30,5.27,59494559,12.388758,8.769188,1
600028,2014/7/1,5.1,115126357,11.989121,8.486311,1
600028,2014/7/2,5.11,45746226,12.012629,8.502951,1
600028,2014/7/3,5.09,51796548,11.965613,8.469672,1
600028,2014/7/4,5.06,69092907,11.895089,8.419753,1
600028,2014/7/7,5.04,61135934,11.848073,8.386473,1
600028,2014/7/8,5.05,57907422,11.871581,8.403113,1
600028,2014/7/9,4.98,54149641,11.707024,8.286634,1
600028,2014/7/10,4.96,35677737,11.660008,8.253354,1
600028,2014/7/11,5,31347443,11.75404,8.319913,1
600028,2014/7/14,5.03,41881971,11.824564,8.369832,1
600028,2014/7/15,5.01,34870046,11.777548,8.336552,1
600028,2014/7/16,5,45466396,11.75404,8.319912,1
600028,2014/7/17,4.98,44575715,11.707024,8.286632,1
600028,2014/7/18,4.97,45283589,11.683516,8.269992,1
600028,2014/7/21,4.89,65098477,11.495451,8.136873,1
600028,2014/7/22,4.99,87148558,11.730532,8.303271,1
600028,2014/7/23,5.02,76649613,11.801056,8.35319,1
600028,2014/7/24,5.08,85219134,11.942104,8.453029,1
600028,2014/7/25,5.11,65093598,12.012628,8.502948,1
600028,2014/7/28,5.21,134957313,12.247709,8.669346,1
600028,2014/7/29,5.17,88920818,12.153677,8.602787,1
600028,2014/7/30,5.23,179571872,12.294725,8.702626,1
600028,2014/7/31,5.22,73144266,12.271217,8.685986,1
600028,2014/8/1,5.17,68414605,12.153677,8.602787,1
600028,2014/8/4,5.29,104250549,12.435774,8.802465,1
600028,2014/8/5,5.24,59010420,12.318234,8.719266,1
600028,2014/8/6,5.22,54531080,12.271218,8.685986,1
600028,2014/8/7,5.15,75401982,12.106661,8.569507,1
600028,2014/8/8,5.24,81782071,12.318234,8.719265,1
600028,2014/8/11,5.29,93833686,12.435774,8.802464,1
600028,2014/8/12,5.29,58124618,12.435774,8.802464,1
600028,2014/8/13,5.28,63650738,12.412266,8.785824,1
600028,2014/8/14,5.22,48026126,12.271218,8.685985,1
600028,2014/8/15,5.27,43267832,12.388758,8.769184,1
600028,2014/8/18,5.27,67588200,12.388758,8.769184,1
600028,2014/8/19,5.41,190964234,12.717871,9.002141,1
600028,2014/8/20,5.36,125909551,12.600331,8.918942,1
600028,2014/8/21,5.32,66773642,12.506299,8.852383,1
600028,2014/8/22,5.3,68466461,12.459283,8.819103,1
600028,2014/8/25,5.43,214962359,12.764888,9.035421,1
600028,2014/8/26,5.43,106869861,12.764888,9.035421,1
600028,2014/8/27,5.44,68342302,12.788396,9.052061,1
600028,2014/8/28,5.52,106860219,12.976461,9.18518,1
600028,2014/8/29,5.53,52502681,12.999969,9.20182,1
600028,2014/9/1,5.55,54703148,13.046985,9.2351,1
600028,2014/9/2,5.57,70765959,13.094001,9.26838,1
600028,2014/9/3,5.69,109135628,13.376098,9.468058,1
600028,2014/9/4,5.69,90869704,13.376098,9.468058,1
600028,2014/9/5,5.74,96280550,13.493638,9.551257,1
600028,2014/9/9,5.7,61880538,13.399606,9.484698,1
600028,2014/9/10,5.63,90980995,13.235049,9.368219,1
600028,2014/9/11,5.6,73255778,13.164525,9.3183,1
600028,2014/9/12,5.64,73876964,13.258557,9.384859,1
600028,2014/9/15,5.6,276445372,13.164525,9.3183,1
600028,2014/9/16,5.45,185164506,12.811904,9.068703,1
600028,2014/9/17,5.43,89622802,12.764888,9.035423,1
600028,2014/9/18,5.42,81151218,12.74138,9.018783,1
600028,2014/9/19,5.44,65307589,12.788396,9.052063,1
600028,2014/9/22,5.33,118775835,12.529807,8.869025,1
600028,2014/9/23,5.34,73794247,12.553315,8.885665,1
600028,2014/9/24,5.32,92110212,12.717864,8.852379,1
600028,2014/9/25,5.33,97383314,12.74177,8.869019,1
600028,2014/9/26,5.31,52045495,12.693958,8.835739,1
600028,2014/9/29,5.31,80411398,12.693958,8.835739,1
600028,2014/9/30,5.3,79993236,12.670052,8.819099,1
600028,2014/10/8,5.29,105867574,12.646146,8.802459,1
600028,2014/10/9,5.31,108529950,12.693958,8.835739,1
600028,2014/10/10,5.27,75511698,12.598335,8.76918,1
600028,2014/10/13,5.19,106490319,12.407089,8.636062,1
600028,2014/10/14,5.2,58589511,12.430995,8.652702,1
600028,2014/10/15,5.2,67814289,12.430995,8.652702,1
600028,2014/10/16,5.19,78869243,12.407089,8.636062,1
600028,2014/10/17,5.15,79155989,12.311466,8.569503,1
600028,2014/10/20,5.16,48710195,12.335372,8.586143,1
600028,2014/10/21,5.12,52184022,12.239749,8.519584,1
600028,2014/10/22,5.12,50481570,12.239749,8.519584,1
600028,2014/10/23,5.07,68728449,12.12022,8.436385,1
600028,2014/10/24,5.05,39992533,12.072408,8.403105,1
600028,2014/10/27,5.02,56085979,12.000691,8.353186,1
600028,2014/10/28,5.09,67067786,12.168031,8.469665,1
600028,2014/10/29,5.15,93521058,12.311466,8.569504,1
600028,2014/10/30,5.18,136533908,12.383183,8.619423,1
600028,2014/10/31,5.27,206047776,12.598335,8.769181,1
600028,2014/11/3,5.25,117736597,12.550523,8.735901,1
600028,2014/11/4,5.22,110753063,12.478806,8.685982,1
600028,2014/11/5,5.17,88370431,12.359277,8.602783,1
600028,2014/11/6,5.16,74526263,12.335371,8.586143,1
600028,2014/11/7,5.16,110540715,12.335371,8.586143,1
600028,2014/11/10,5.26,162756338,12.574429,8.752541,1
600028,2014/11/11,5.33,354791514,12.741769,8.86902,1
600028,2014/11/12,5.29,152183774,12.646146,8.802461,1
600028,2014/11/13,5.31,172482957,12.693958,8.835741,1
600028,2014/11/14,5.24,111363074,12.526618,8.719262,1
600028,2014/11/17,5.2,97132348,12.430995,8.652703,1
600028,2014/11/18,5.11,113039258,12.215843,8.502945,1
600028,2014/11/19,5.08,72800494,12.144126,8.453026,1
600028,2014/11/20,5.09,55189668,12.168032,8.469666,1
600028,2014/11/21,5.12,86486414,12.239749,8.519585,1
600028,2014/11/24,5.17,152959669,12.359278,8.602784,1
600028,2014/11/25,5.19,141993943,12.40709,8.636064,1
600028,2014/11/26,5.27,271122000,12.598336,8.769183,1
600028,2014/11/27,5.28,215190752,12.622242,8.785823,1
600028,2014/11/28,5.39,444420422,12.885205,8.968861,1
600028,2014/12/1,5.41,454834985,12.933017,9.002141,1
600028,2014/12/2,5.63,502765112,13.458944,9.368217,1
600028,2014/12/3,5.68,586157050,13.578473,9.451416,1
600028,2014/12/4,6.25,848207874,14.941101,10.399886,1
600028,2014/12/5,6.56,1471220469,15.68218,10.91572,1
600028,2014/12/8,6.43,1155371892,15.371405,10.699402,1
600028,2014/12/9,5.9,1231388929,14.1044,9.817492,1
600028,2014/12/10,5.88,564993778,14.056588,9.784212,1
600028,2014/12/11,5.76,461944381,13.769719,9.584534,1
600028,2014/12/12,5.76,358546562,13.769719,9.584534,1
600028,2014/12/15,5.75,308960206,13.745813,9.567894,1
600028,2014/12/16,5.9,522874083,14.104399,9.817491,1
600028,2014/12/17,6.01,629754087,14.367362,10.000529,1
600028,2014/12/18,5.98,485257328,14.295645,9.95061,1
600028,2014/12/19,6.22,720191745,14.869383,10.349966,1
600028,2014/12/22,6.35,1033422731,15.180158,10.566284,1
600028,2014/12/23,6.03,493233225,14.415174,10.03381,1
600028,2014/12/24,5.86,447006894,14.008776,9.750933,1
600028,2014/12/25,6,390664908,14.343457,9.98389,1
600028,2014/12/26,6.17,515090107,14.749855,10.266767,1
600028,2014/12/29,6.25,734613245,14.941101,10.399886,1
600028,2014/12/30,6.26,427391988,14.965007,10.416526,1
600028,2014/12/31,6.49,696007603,15.51484,10.799242,1
600028,2015/1/5,7.14,1186499645,17.068714,11.88083,1
600028,2015/1/6,7,1089998433,16.734033,11.647873,1
600028,2015/1/7,7.18,787315301,17.164337,11.94739,1
600028,2015/1/8,6.85,819090235,16.375447,11.398276,1
600028,2015/1/9,6.73,603203747,16.088578,11.198598,1
600028,2015/1/12,6.57,342106901,15.706086,10.932361,1
600028,2015/1/13,6.58,291014900,15.729992,10.949001,1
600028,2015/1/14,6.58,244587549,15.729992,10.949001,1
600028,2015/1/15,6.9,433880937,16.494976,11.481475,1
600028,2015/1/16,6.93,493614190,16.566693,11.531394,1
600028,2015/1/19,6.24,588669382,14.917195,10.383247,1
600028,2015/1/20,6.32,405835783,15.108441,10.516366,1
600028,2015/1/21,6.6,506850477,15.777802,10.982281,1
600028,2015/1/22,6.58,327285907,15.72999,10.949001,1
600028,2015/1/23,6.6,428526896,15.777802,10.982281,1
600028,2015/1/26,6.67,281930774,15.945142,11.09876,1
600028,2015/1/27,6.48,394545028,15.490933,10.782603,1
600028,2015/1/28,6.34,307168322,15.156252,10.549646,1
600028,2015/1/29,6.16,604762591,14.725948,10.250129,1
600028,2015/1/30,6.03,502445638,14.415173,10.033811,1
600028,2015/2/2,5.87,441451116,14.032681,9.767574,1
600028,2015/2/3,6.01,519816188,14.367362,10.000531,1
600028,2015/2/4,5.92,481230239,14.15221,9.850773,1
600028,2015/2/5,5.83,421405990,13.937058,9.701015,1
600028,2015/2/6,5.69,464727377,13.602377,9.468058,1
600028,2015/2/9,5.68,457007365,13.578471,9.451418,1
600028,2015/2/10,5.74,499062183,13.721906,9.551257,1
600028,2015/2/11,5.7,333182312,13.626283,9.484698,1
600028,2015/2/12,5.83,454096297,13.937058,9.701015,1
600028,2015/2/13,5.84,415021006,13.960964,9.717655,1
600028,2015/2/16,5.87,239464165,14.032681,9.767574,1
600028,2015/2/17,5.89,248451878,14.080493,9.800854,1
600028,2015/2/25,6.09,919770406,14.558608,10.13365,1
600028,2015/2/26,6.13,494122088,14.654231,10.200209,1
600028,2015/2/27,6.32,771479718,15.10844,10.516366,1
600028,2015/3/2,6.26,530492332,14.965005,10.416527,1
600028,2015/3/3,6.03,483644500,14.415173,10.033811,1
600028,2015/3/4,6.08,389003293,14.534702,10.11701,1
600028,2015/3/5,5.95,404835582,14.223927,9.900692,1
600028,2015/3/6,5.96,232007973,14.247833,9.917332,1
600028,2015/3/9,6.11,456849443,14.606419,10.166929,1
600028,2015/3/10,6.04,278327526,14.439079,10.05045,1
600028,2015/3/11,6.06,317362114,14.486891,10.08373,1
600028,2015/3/12,6.16,492428426,14.725949,10.250128,1
600028,2015/3/13,6.17,462138234,14.749855,10.266768,1
600028,2015/3/16,6.24,512670480,14.917195,10.383247,1
600028,2015/3/17,6.34,801711500,15.156253,10.549645,1
600028,2015/3/18,6.42,742749756,15.347499,10.682764,1
600028,2015/3/19,6.42,689576656,15.347499,10.682764,1
600028,2015/3/20,6.41,694904539,15.323593,10.666124,1
600028,2015/3/23,6.43,1015170519,15.371405,10.699404,1
600028,2015/3/24,6.37,815499338,15.22797,10.599565,1
600028,2015/3/25,6.26,546337574,14.965007,10.416527,1
600028,2015/3/26,6.44,972991515,15.395311,10.716044,1
600028,2015/3/27,6.37,508854481,15.227971,10.599565,1
600028,2015/3/30,6.49,858380304,15.51484,10.799243,1
600028,2015/3/31,6.41,828587597,15.323594,10.666124,1
600028,2015/4/1,6.47,590570290,15.467029,10.765963,1
600028,2015/4/2,6.48,671376076,15.490935,10.782603,1
600028,2015/4/3,6.45,536571297,15.419218,10.732684,1
600028,2015/4/7,6.66,1063139113,15.921239,11.08212,1
600028,2015/4/8,6.74,1155811544,16.112485,11.215239,1
600028,2015/4/9,6.67,852473963,15.945145,11.09876,1
600028,2015/4/10,6.71,667060860,16.040768,11.165319,1
600028,2015/4/13,6.82,834708372,16.303731,11.348357,1
600028,2015/4/14,6.74,649371677,16.112485,11.215238,1
600028,2015/4/15,6.78,876734379,16.208108,11.281797,1
600028,2015/4/16,7.02,1112888959,16.781846,11.681153,1
600028,2015/4/17,7.34,1616798330,17.54683,12.213627,1
600028,2015/4/20,7.14,1380777294,17.068715,11.880831,1
600028,2015/4/21,7.27,688947973,17.37949,12.097149,1
600028,2015/4/22,7.45,889244253,17.809794,12.396666,1
600028,2015/4/23,7.58,1050462052,18.120569,12.612984,1
600028,2015/4/24,7.78,1300114522,18.598684,12.94578,1
600028,2015/4/27,8.56,1215365292,20.463334,14.243686,1
600028,2015/4/28,8.67,2638625112,20.726297,14.426724,1
600028,2015/4/29,8.31,1154151728,19.86569,13.82769,1
600028,2015/4/30,8.12,923690201,19.41148,13.511533,1
600028,2015/5/4,8.16,733861239,19.507103,13.578092,1
600028,2015/5/5,7.92,1029475866,18.933365,13.178736,1
600028,2015/5/6,7.75,741945968,18.526967,12.895859,1
600028,2015/5/7,7.49,579656571,17.905417,12.463224,1
600028,2015/5/8,7.58,596009020,18.120569,12.612982,1
600028,2015/5/11,7.73,721889702,18.479155,12.862579,1
600028,2015/5/12,7.76,581853781,18.550872,12.912498,1
600028,2015/5/13,7.54,635523411,18.024945,12.546422,1
600028,2015/5/14,7.61,643940456,18.192285,12.662901,1
600028,2015/5/15,7.31,530655125,17.475112,12.163706,1
600028,2015/5/18,7.12,445259696,17.020903,11.847549,1
600028,2015/5/19,7.35,518635314,17.570736,12.230265,1
600028,2015/5/20,7.31,529583959,17.475113,12.163706,1
600028,2015/5/21,7.32,433775120,17.499019,12.180346,1
600028,2015/5/22,7.64,793639877,18.264003,12.71282,1
600028,2015/5/25,7.9,840871173,18.885553,13.145455,1
600028,2015/5/26,7.94,764228785,18.981176,13.212014,1
600028,2015/5/27,8.1,859664566,19.363668,13.478251,1
600028,2015/5/28,7.34,1091979243,17.54683,12.213625,1
600028,2015/5/29,7.21,664306573,17.236055,11.997307,1
600028,2015/6/1,7.5,569080298,17.929322,12.479862,1
600028,2015/6/2,7.5,585028537,17.929322,12.479862,1
600028,2015/6/3,7.47,523182182,17.857605,12.429943,1
600028,2015/6/4,7.62,731816476,18.216191,12.67954,1
600028,2015/6/5,7.77,945230790,18.574777,12.929137,1
600028,2015/6/8,8.17,1303436787,19.531007,13.59473,1
600028,2015/6/9,8.03,981786386,19.196326,13.361773,1
600028,2015/6/10,7.94,625093613,18.981174,13.212015,1
600028,2015/6/11,7.86,542889022,18.789928,13.078896,1
600028,2015/6/12,7.9,594155696,18.885551,13.145455,1
600028,2015/6/15,7.71,651054729,18.431342,12.829298,1
600028,2015/6/16,7.44,553309962,17.785886,12.380023,1
600028,2015/6/17,7.6,431081424,18.168378,12.64626,1
600028,2015/6/18,7.32,443924161,17.499017,12.180345,1
600028,2015/6/19,6.83,530453666,16.590591,11.364993,1
600028,2015/6/23,7.02,472914562,17.052115,11.681149,1
600028,2015/6/24,7.29,651386180,17.707966,12.130424,1
600028,2015/6/25,7.02,542526133,17.052115,11.681149,1
600028,2015/6/26,6.67,674367264,16.201938,11.098756,1
600028,2015/6/29,6.75,739878027,16.396264,11.231875,1
600028,2015/6/30,7.06,666687620,17.149278,11.747709,1
600028,2015/7/1,6.77,472485367,16.444846,11.265154,1
600028,2015/7/2,7.14,1120337539,17.343604,11.880827,1
600028,2015/7/3,6.75,802830493,16.396264,11.231874,1
600028,2015/7/6,7.34,1645561564,17.829419,12.213623,1
600028,2015/7/7,7.47,1419746528,18.145199,12.429941,1
600028,2015/7/8,6.72,1277159207,16.323392,11.181955,1
600028,2015/7/9,7.14,1353330454,17.343604,11.880827,1
600028,2015/7/10,7.35,1385507768,17.85371,12.230263,1
600028,2015/7/13,7.18,878001198,17.440767,11.947386,1
600028,2015/7/14,6.99,616077462,16.979243,11.63123,1
600028,2015/7/15,7.31,1193227439,17.756547,12.163704,1
600028,2015/7/16,7.11,823056087,17.270732,11.830908,1
600028,2015/7/17,7.08,568722524,17.19786,11.780989,1
600028,2015/7/20,7.14,710111364,17.343605,11.880828,1
600028,2015/7/21,7.03,483908274,17.076407,11.69779,1
600028,2015/7/22,6.99,416557260,16.979244,11.631231,1
600028,2015/7/23,7.02,373850171,17.052116,11.68115,1
600028,2015/7/24,6.99,486689201,16.979244,11.631231,1
600028,2015/7/27,6.29,604792553,15.278891,10.466444,1
600028,2015/7/28,6.15,528122218,14.93882,10.233487,1
600028,2015/7/29,6.24,320092498,15.157437,10.383245,1
600028,2015/7/30,6.16,293804419,14.963111,10.250126,1
600028,2015/7/31,6,272597062,14.574459,9.983889,1
600028,2015/8/3,5.78,406631038,14.040062,9.617813,1
600028,2015/8/4,5.93,296685048,14.404423,9.86741,1
600028,2015/8/5,5.81,219000123,14.112934,9.667732,1
600028,2015/8/6,5.75,153672604,13.967189,9.567893,1
600028,2015/8/7,5.85,188666692,14.210097,9.734291,1
600028,2015/8/10,6.12,429261234,14.865948,10.183566,1
600028,2015/8/11,6.12,373680830,14.865948,10.183566,1
600028,2015/8/12,6.04,218499962,14.671622,10.050447,1
600028,2015/8/13,6.07,213963143,14.744494,10.100366,1
600028,2015/8/14,6.07,249344206,14.744494,10.100366,1
600028,2015/8/17,6.02,219727667,14.62304,10.017167,1
600028,2015/8/18,5.83,464393434,14.161515,9.701011,1
600028,2015/8/19,5.79,357378694,14.064352,9.634452,1
600028,2015/8/20,5.6,252745223,13.602827,9.318296,1
600028,2015/8/21,5.48,266368773,13.311338,9.118618,1
600028,2015/8/24,4.99,559796816,12.121091,8.303267,1
600028,2015/8/25,4.49,482486886,10.906553,7.471276,1
600028,2015/8/26,4.57,414957794,11.100879,7.604395,1
600028,2015/8/27,4.75,300108848,11.538113,7.903912,1
600028,2015/8/28,5.03,396083625,12.218254,8.369827,1
600028,2015/8/31,4.95,264983731,12.023928,8.236708,1
600028,2015/9/1,5.09,426941182,12.363999,8.469665,1
600028,2015/9/2,4.89,354645932,11.878184,8.136869,1
600028,2015/9/7,4.91,299819150,11.926766,8.170149,1
600028,2015/9/8,5.04,228886543,12.242546,8.386467,1
600028,2015/9/9,5.15,383896436,12.509744,8.569505,1
600028,2015/9/10,5.05,211315351,12.266836,8.403107,1
600028,2015/9/11,5.02,114055053,12.193964,8.353188,1
600028,2015/9/14,4.85,225702999,11.781021,8.070311,1
600028,2015/9/15,4.84,237365121,11.75673,8.053671,1
600028,2015/9/16,5,267906772,12.145382,8.319908,1
600028,2015/9/17,4.95,271938090,12.023928,8.236709,1
600028,2015/9/18,4.95,119962411,12.023928,8.236709,1
600028,2015/9/21,5,126131609,12.145382,8.319908,1
600028,2015/9/22,5.04,160499202,12.242545,8.386467,1
600028,2015/9/23,4.85,125361563,11.999628,8.070306,1
600028,2015/9/24,4.86,88847116,12.02437,8.086946,1
600028,2015/9/25,4.87,156776090,12.049112,8.103586,1
600028,2015/9/28,4.83,92683573,11.950146,8.037027,1
600028,2015/9/29,4.72,117882026,11.677989,7.853989,1
600028,2015/9/30,4.74,78965549,11.727472,7.887269,1
600028,2015/10/8,4.89,208117478,12.098595,8.136866,1
600028,2015/10/9,5.03,247912612,12.444976,8.369823,1
600028,2015/10/12,5.15,278288910,12.741874,8.569501,1
600028,2015/10/13,5.09,145789934,12.593425,8.469662,1
600028,2015/10/14,5.07,157388701,12.543942,8.436382,1
600028,2015/10/15,5.13,187189750,12.692391,8.536221,1
600028,2015/10/16,5.21,277659326,12.890323,8.669339,1
600028,2015/10/19,5.15,186526850,12.741874,8.5695,1
600028,2015/10/20,5.17,156377543,12.791357,8.60278,1
600028,2015/10/21,5.14,389252649,12.717132,8.552861,1
600028,2015/10/22,5.1,144950879,12.618166,8.486302,1
600028,2015/10/23,5.13,157450110,12.692391,8.536221,1
600028,2015/10/26,5.13,180490789,12.692391,8.536221,1
600028,2015/10/27,5.09,140374679,12.593425,8.469662,1
600028,2015/10/28,5.06,173638858,12.5192,8.419743,1
600028,2015/10/29,5.07,113611129,12.543942,8.436383,1
600028,2015/10/30,5.03,188536977,12.444976,8.369824,1
600028,2015/11/2,4.94,143343576,12.222302,8.220066,1
600028,2015/11/3,4.91,96517250,12.148077,8.170147,1
600028,2015/11/4,5.09,309389542,12.593424,8.469664,1
600028,2015/11/5,5.22,598193207,12.915064,8.685982,1
600028,2015/11/6,5.26,317211246,13.01403,8.752541,1
600028,2015/11/9,5.35,385411792,13.236704,8.902299,1
600028,2015/11/10,5.39,354430428,13.33567,8.968858,1
600028,2015/11/11,5.35,200215074,13.236704,8.902299,1
600028,2015/11/12,5.28,168824871,13.063513,8.78582,1
600028,2015/11/13,5.17,187791069,12.791356,8.602782,1
600028,2015/11/16,5.19,135714673,12.840839,8.636062,1
600028,2015/11/17,5.21,268892778,12.890322,8.669342,1
600028,2015/11/18,5.16,168441319,12.766614,8.586143,1
600028,2015/11/19,5.19,156820844,12.840839,8.636062,1
600028,2015/11/20,5.17,157374231,12.791356,8.602782,1
600028,2015/11/23,5.12,143491209,12.667648,8.519583,1
600028,2015/11/24,5.12,96782001,12.667648,8.519583,1
600028,2015/11/25,5.14,130984825,12.717131,8.552863,1
600028,2015/11/26,5.16,191261942,12.766614,8.586143,1
600028,2015/11/27,4.9,258366572,12.123335,8.153508,1
600028,2015/11/30,4.91,160312483,12.148076,8.170148,1
600028,2015/12/1,4.93,110852337,12.197559,8.203428,1
600028,2015/12/2,5.09,219086041,12.593423,8.469665,1
600028,2015/12/3,5.14,231736317,12.71713,8.552864,1
600028,2015/12/4,5.03,178155552,12.444974,8.369826,1
600028,2015/12/7,5.02,92499274,12.420233,8.353186,1
600028,2015/12/8,4.91,125212795,12.148077,8.170148,1
600028,2015/12/9,4.89,79511791,12.098594,8.136868,1
600028,2015/12/10,4.89,83539742,12.098594,8.136868,1
600028,2015/12/11,4.83,135089205,11.950145,8.037029,1
600028,2015/12/14,4.91,113085353,12.148077,8.170147,1
600028,2015/12/15,4.89,109989975,12.098594,8.136867,1
600028,2015/12/16,4.99,232786124,12.346009,8.303265,1
600028,2015/12/17,5.02,163428385,12.420234,8.353184,1
600028,2015/12/18,5,121638264,12.370751,8.319904,1
600028,2015/12/21,5.05,183148618,12.494459,8.403103,1
600028,2015/12/22,5.05,126466117,12.494459,8.403103,1
600028,2015/12/23,5.06,213526831,12.519201,8.419743,1
600028,2015/12/24,5.04,149006321,12.469718,8.386463,1
600028,2015/12/25,5.03,104945383,12.444976,8.369823,1
600028,2015/12/28,4.92,156701216,12.172819,8.186785,1
600028,2015/12/29,4.96,85290763,12.271785,8.253344,1
600028,2015/12/30,4.97,111243300,12.296527,8.269984,1
600028,2015/12/31,4.96,96770448,12.271785,8.253344,1
600028,2016/1/4,4.78,147078224,11.826438,7.953827,1
600028,2016/1/5,4.74,225244621,11.727472,7.887268,1
600028,2016/1/6,4.9,232901473,12.123336,8.153505,1
600028,2016/1/7,4.65,55148800,11.504798,7.73751,1
600028,2016/1/8,4.77,222210697,11.801696,7.937188,1
600028,2016/1/11,4.65,188143097,11.504798,7.73751,1
600028,2016/1/12,4.68,131753953,11.579023,7.787429,1
600028,2016/1/13,4.64,126922672,11.480057,7.72087,1
600028,2016/1/14,4.64,146028116,11.480057,7.72087,1
600028,2016/1/15,4.46,164622945,11.03471,7.421353,1
600028,2016/1/18,4.44,82836569,10.985227,7.388073,1
600028,2016/1/19,4.54,92553059,11.232642,7.554471,1
600028,2016/1/20,4.49,119658260,11.108934,7.471272,1
600028,2016/1/21,4.41,112210806,10.911002,7.338154,1
600028,2016/1/22,4.47,104399300,11.059451,7.437993,1
600028,2016/1/25,4.5,99555357,11.133676,7.487912,1
600028,2016/1/26,4.28,128354107,10.589363,7.121836,1
600028,2016/1/27,4.36,169745179,10.787295,7.254954,1
600028,2016/1/28,4.32,171830903,10.688329,7.188395,1
600028,2016/1/29,4.38,141986434,10.836778,7.288234,1
600028,2016/2/1,4.3,90838929,10.638846,7.155116,1
600028,2016/2/2,4.33,75786781,10.713071,7.205035,1
600028,2016/2/3,4.27,66865633,10.564622,7.105196,1
600028,2016/2/4,4.33,77367247,10.713071,7.205035,1
600028,2016/2/5,4.34,71349736,10.737813,7.221675,1
600028,2016/2/15,4.3,65465196,10.638847,7.155116,1
600028,2016/2/16,4.41,128723690,10.911004,7.338154,1
600028,2016/2/17,4.45,127064847,11.00997,7.404713,1
600028,2016/2/18,4.44,118010921,10.985228,7.388073,1
600028,2016/2/19,4.4,72901535,10.886262,7.321514,1
600028,2016/2/22,4.49,132927655,11.108936,7.471272,1
600028,2016/2/23,4.48,114403180,11.084194,7.454632,1
600028,2016/2/24,4.5,76354560,11.133677,7.487912,1
600028,2016/2/25,4.28,133300059,10.589364,7.121836,1
600028,2016/2/26,4.36,95334268,10.787296,7.254954,1
600028,2016/2/29,4.35,157127026,10.762554,7.238314,1
600028,2016/3/1,4.41,93591345,10.911003,7.338153,1
600028,2016/3/2,4.55,225526884,11.257384,7.57111,1
600028,2016/3/3,4.55,155890762,11.257384,7.57111,1
600028,2016/3/4,4.69,354485941,11.603765,7.804067,1
600028,2016/3/7,4.7,142690205,11.628507,7.820707,1
600028,2016/3/8,4.72,121041465,11.67799,7.853987,1
600028,2016/3/9,4.64,201321548,11.480058,7.720869,1
600028,2016/3/10,4.55,92989236,11.257384,7.571111,1
600028,2016/3/11,4.58,83885901,11.331609,7.62103,1
600028,2016/3/14,4.61,105468084,11.405834,7.670949,1
600028,2016/3/15,4.6,60168704,11.381092,7.654309,1
600028,2016/3/16,4.68,220543592,11.579024,7.787427,1
600028,2016/3/17,4.68,87619164,11.579024,7.787427,1
600028,2016/3/18,4.69,182960671,11.603766,7.804067,1
600028,2016/3/21,4.69,292921464,11.603766,7.804067,1
600028,2016/3/22,4.66,117041221,11.529541,7.754148,1
600028,2016/3/23,4.66,71418277,11.529541,7.754148,1
600028,2016/3/24,4.54,149101169,11.232643,7.55447,1
600028,2016/3/25,4.54,86108856,11.232643,7.55447,1
600028,2016/3/28,4.54,96941141,11.232643,7.55447,1
600028,2016/3/29,4.54,83637765,11.232643,7.55447,1
600028,2016/3/30,4.73,425936053,11.702732,7.870626,1
600028,2016/3/31,4.76,231981828,11.776957,7.920545,1
600028,2016/4/1,4.9,319892742,12.123338,8.153502,1
600028,2016/4/5,4.88,230360151,12.073855,8.120222,1
600028,2016/4/6,4.98,339841172,12.32127,8.28662,1
600028,2016/4/7,4.95,204974111,12.247045,8.236701,1
600028,2016/4/8,4.87,146184866,12.049113,8.103583,1
600028,2016/4/11,4.94,186330881,12.222304,8.220062,1
600028,2016/4/12,4.94,128570094,12.222304,8.220062,1
600028,2016/4/13,5.08,255351269,12.568685,8.453019,1
600028,2016/4/14,5.04,104157304,12.469719,8.38646,1
600028,2016/4/15,5.01,81792965,12.395494,8.336541,1
600028,2016/4/18,4.86,160859192,12.024371,8.086944,1
600028,2016/4/19,4.87,59315606,12.049113,8.103584,1
600028,2016/4/20,4.8,210873202,11.875922,7.987105,1
600028,2016/4/21,4.9,175335812,12.123337,8.153503,1
600028,2016/4/22,4.9,87413545,12.123337,8.153503,1
600028,2016/4/25,4.88,50781529,12.073854,8.120223,1
600028,2016/4/26,4.9,37618650,12.123337,8.153503,1
600028,2016/4/27,4.92,89218473,12.17282,8.186783,1
600028,2016/4/28,4.93,68812118,12.197562,8.203423,1
600028,2016/4/29,4.87,102571293,12.049113,8.103584,1
600028,2016/5/3,4.85,251732045,11.99963,8.070304,1
600028,2016/5/4,4.82,104330236,11.925405,8.020385,1
600028,2016/5/5,4.8,105956896,11.875922,7.987105,1
600028,2016/5/6,4.72,104040271,11.67799,7.853987,1
600028,2016/5/9,4.64,141672782,11.480058,7.720869,1
600028,2016/5/10,4.65,79341347,11.5048,7.737509,1
600028,2016/5/11,4.64,55990687,11.480058,7.720869,1
600028,2016/5/12,4.62,65711758,11.430575,7.687589,1
600028,2016/5/13,4.64,84952862,11.480058,7.720869,1
600028,2016/5/16,4.67,57459174,11.554283,7.770788,1
600028,2016/5/17,4.76,101548724,11.776957,7.920546,1
600028,2016/5/18,4.7,93595021,11.628508,7.820707,1
600028,2016/5/19,4.68,46200225,11.579025,7.787427,1
600028,2016/5/20,4.7,26549380,11.628508,7.820707,1
600028,2016/5/23,4.7,37043194,11.628508,7.820707,1
600028,2016/5/24,4.68,48986406,11.579025,7.787427,1
600028,2016/5/25,4.71,61234533,11.65325,7.837346,1
600028,2016/5/26,4.75,58177990,11.752216,7.903905,1
600028,2016/5/27,4.74,35837639,11.727474,7.887265,1
600028,2016/5/30,4.75,56734323,11.752216,7.903905,1
600028,2016/5/31,4.83,130443949,11.950148,8.037023,1
600028,2016/6/1,4.83,64482614,11.950148,8.037023,1
600028,2016/6/2,4.83,50543644,11.950148,8.037023,1
600028,2016/6/3,4.81,78448327,11.900665,8.003743,1
600028,2016/6/6,4.8,42026298,11.875923,7.987103,1
600028,2016/6/7,4.81,46149123,11.900665,8.003743,1
600028,2016/6/8,4.85,109351872,11.999631,8.070302,1
600028,2016/6/13,4.72,72021401,11.677991,7.853985,1
600028,2016/6/14,4.72,47583966,11.677991,7.853985,1
600028,2016/6/15,4.74,82485505,11.727474,7.887265,1
600028,2016/6/16,4.69,61653224,11.603766,7.804066,1
600028,2016/6/17,4.7,43786955,11.628508,7.820706,1
600028,2016/6/20,4.7,41704931,11.628508,7.820706,1
600028,2016/6/21,4.7,55290660,11.628508,7.820706,1
600028,2016/6/22,4.74,46143165,11.727474,7.887265,1
600028,2016/6/23,4.71,44948839,11.653249,7.837346,1
600028,2016/6/24,4.6,81601515,11.529538,7.654305,1
600028,2016/6/27,4.63,52252556,11.604731,7.704224,1
600028,2016/6/28,4.63,33702034,11.604731,7.704224,1
600028,2016/6/29,4.68,84091906,11.730052,7.787423,1
600028,2016/6/30,4.72,61958955,11.830309,7.853982,1
600028,2016/7/1,4.7,35270065,11.780181,7.820702,1
600028,2016/7/4,4.77,90970152,11.955631,7.937181,1
600028,2016/7/5,4.81,92492192,12.055888,8.00374,1
600028,2016/7/6,4.79,71965772,12.00576,7.97046,1
600028,2016/7/7,4.8,67930162,12.030824,7.9871,1
600028,2016/7/8,4.75,55873587,11.905503,7.903901,1
600028,2016/7/11,4.79,87759334,12.00576,7.97046,1
600028,2016/7/12,4.86,122414868,12.18121,8.086939,1
600028,2016/7/13,4.89,99071348,12.256403,8.136858,1
600028,2016/7/14,4.88,62164138,12.231339,8.120218,1
600028,2016/7/15,4.88,57051473,12.231339,8.120218,1
600028,2016/7/18,4.85,85931226,12.156146,8.070299,1
600028,2016/7/19,4.85,57364094,12.156146,8.070299,1
600028,2016/7/20,4.84,28712000,12.131082,8.053659,1
600028,2016/7/21,4.84,54239691,12.131082,8.053659,1
600028,2016/7/22,4.81,52545285,12.055889,8.00374,1
600028,2016/7/25,4.82,36916182,12.080953,8.02038,1
600028,2016/7/26,4.85,44153575,12.156146,8.070299,1
600028,2016/7/27,4.85,115206823,12.156146,8.070299,1
600028,2016/7/28,4.82,61602591,12.080953,8.02038,1
600028,2016/7/29,4.79,46186556,12.00576,7.970461,1
600028,2016/8/1,4.8,49508114,12.030824,7.987101,1
600028,2016/8/2,4.79,30244829,12.00576,7.970461,1
600028,2016/8/3,4.78,38676545,11.980696,7.953821,1
600028,2016/8/4,4.8,30816161,12.030824,7.987101,1
600028,2016/8/5,4.81,38310953,12.055888,8.003741,1
600028,2016/8/8,4.83,31124566,12.106016,8.037021,1
600028,2016/8/9,4.88,78675677,12.231337,8.12022,1
600028,2016/8/10,4.88,38661297,12.231337,8.12022,1
600028,2016/8/11,4.86,51008459,12.181209,8.08694,1
600028,2016/8/12,4.92,91364436,12.331594,8.186779,1
600028,2016/8/15,5.01,161617238,12.557172,8.336537,1
600028,2016/8/16,5.02,114140180,12.582236,8.353177,1
600028,2016/8/17,5.01,71845969,12.557172,8.336537,1
600028,2016/8/18,4.99,46541487,12.507044,8.303257,1
600028,2016/8/19,4.98,64732805,12.48198,8.286617,1
600028,2016/8/22,4.94,52509572,12.381723,8.220058,1
600028,2016/8/23,4.95,50987326,12.406787,8.236698,1
600028,2016/8/24,4.96,47738667,12.431851,8.253338,1
600028,2016/8/25,4.95,55412197,12.406787,8.236698,1
600028,2016/8/26,4.95,38560484,12.406787,8.236698,1
600028,2016/8/29,4.95,40104387,12.406787,8.236698,1
600028,2016/8/30,5,79314202,12.532108,8.319897,1
600028,2016/8/31,5,75038656,12.532108,8.319897,1
600028,2016/9/1,4.97,42143917,12.456915,8.269978,1
600028,2016/9/2,4.98,50994825,12.481979,8.286618,1
600028,2016/9/5,4.99,71771391,12.507043,8.303258,1
600028,2016/9/6,5,62677777,12.532107,8.319898,1
600028,2016/9/7,5,50455718,12.532107,8.319898,1
600028,2016/9/8,4.99,31858907,12.507043,8.303258,1
600028,2016/9/9,4.98,51569179,12.481979,8.286618,1
600028,2016/9/12,4.94,125837389,12.381722,8.220059,1
600028,2016/9/13,4.92,41249343,12.331594,8.186779,1
600028,2016/9/14,4.86,60370843,12.181209,8.08694,1
600028,2016/9/19,4.86,50459472,12.181209,8.08694,1
600028,2016/9/20,4.85,38813046,12.156145,8.0703,1
600028,2016/9/21,4.78,36173415,12.178695,7.953821,1
600028,2016/9/22,4.84,61753465,12.331566,8.05366,1
600028,2016/9/23,4.85,33806226,12.357044,8.0703,1
600028,2016/9/26,4.8,39780739,12.229652,7.987101,1
600028,2016/9/27,4.81,36562533,12.25513,8.003741,1
600028,2016/9/28,4.77,35214045,12.153216,7.937182,1
600028,2016/9/29,4.85,61158827,12.357044,8.0703,1
600028,2016/9/30,4.86,28081983,12.382522,8.08694,1
600028,2016/10/10,4.95,100229863,12.611828,8.236698,1
600028,2016/10/11,4.97,78428028,12.662785,8.269978,1
600028,2016/10/12,4.94,42499336,12.58635,8.220059,1
600028,2016/10/13,4.9,48574385,12.484436,8.1535,1
600028,2016/10/14,4.94,49961049,12.58635,8.220059,1
600028,2016/10/17,4.93,60470408,12.560872,8.203419,1
600028,2016/10/18,4.96,67271262,12.637307,8.253338,1
600028,2016/10/19,4.98,87486639,12.688264,8.286618,1
600028,2016/10/20,4.99,70911341,12.713742,8.303258,1
600028,2016/10/21,5.01,61574152,12.764699,8.336538,1
600028,2016/10/24,5.07,185011327,12.91757,8.436377,1
600028,2016/10/25,5.02,138514464,12.790178,8.353178,1
600028,2016/10/26,4.99,47238892,12.713743,8.303259,1
600028,2016/10/27,4.98,45389400,12.688265,8.286619,1
600028,2016/10/28,5.01,72443783,12.7647,8.336538,1
600028,2016/10/31,5.01,45624825,12.7647,8.336538,1
600028,2016/11/1,5,56307518,12.739222,8.319898,1
600028,2016/11/2,4.95,48928911,12.61183,8.236699,1
600028,2016/11/3,4.95,50989987,12.61183,8.236699,1
600028,2016/11/4,4.94,51013640,12.586352,8.220059,1
600028,2016/11/7,4.95,50480300,12.61183,8.236699,1
600028,2016/11/8,4.97,54026017,12.662787,8.269979,1
600028,2016/11/9,4.93,110092504,12.560873,8.20342,1
600028,2016/11/10,4.99,86828746,12.713744,8.303259,1
600028,2016/11/11,5.01,103268831,12.764701,8.336539,1
600028,2016/11/14,5.02,112650314,12.790179,8.353179,1
600028,2016/11/15,4.99,58811647,12.713744,8.30326,1
600028,2016/11/16,4.99,53234415,12.713744,8.30326,1
600028,2016/11/17,4.99,48362940,12.713744,8.30326,1
600028,2016/11/18,4.96,48820437,12.637309,8.253341,1
600028,2016/11/21,5.02,115680658,12.79018,8.35318,1
600028,2016/11/22,5.09,181357333,12.968529,8.469659,1
600028,2016/11/23,5.09,134835682,12.968529,8.469659,1
600028,2016/11/24,5.07,73741232,12.917572,8.436379,1
600028,2016/11/25,5.1,95074454,12.994007,8.486298,1
600028,2016/11/28,5.14,152271664,13.095921,8.552857,1
600028,2016/11/29,5.23,241979646,13.325227,8.702615,1
600028,2016/11/30,5.12,118051448,13.044964,8.519577,1
600028,2016/12/1,5.27,298734978,13.427141,8.769174,1
600028,2016/12/2,5.5,474033835,14.013145,9.151889,1
600028,2016/12/5,5.37,271748784,13.681925,8.935572,1
600028,2016/12/6,5.3,164268137,13.503576,8.819093,1
600028,2016/12/7,5.31,124459996,13.529054,8.835733,1
600028,2016/12/8,5.3,96115886,13.503576,8.819093,1
600028,2016/12/9,5.41,181462566,13.783839,9.002131,1
600028,2016/12/12,5.46,254164551,13.911231,9.08533,1
600028,2016/12/13,5.51,174323424,14.038623,9.168529,1
600028,2016/12/14,5.63,273578507,14.344364,9.368207,1
600028,2016/12/15,5.45,210230697,13.885752,9.068691,1
600028,2016/12/16,5.51,145161786,14.038623,9.16853,1
600028,2016/12/19,5.52,109710821,14.064101,9.18517,1
600028,2016/12/20,5.46,134472315,13.91123,9.085331,1
600028,2016/12/21,5.56,230104641,14.166014,9.251729,1
600028,2016/12/22,5.64,225868304,14.369842,9.384847,1
600028,2016/12/23,5.64,175254776,14.369842,9.384847,1
600028,2016/12/26,5.67,122380289,14.446277,9.434766,1
600028,2016/12/27,5.56,97218618,14.166014,9.251728,1
600028,2016/12/28,5.55,93169320,14.140536,9.235088,1
600028,2016/12/29,5.41,128260314,13.783838,9.002131,1
600028,2016/12/30,5.41,87951882,13.783838,9.002131,1
600028,2017/1/3,5.51,102820610,14.038622,9.168529,1
600028,2017/1/4,5.57,100782981,14.191493,9.268368,1
600028,2017/1/5,5.75,238697795,14.650105,9.567884,1
600028,2017/1/6,5.87,328612078,14.955846,9.767562,1
600028,2017/1/9,5.86,208412805,14.930368,9.750922,1
600028,2017/1/10,5.9,128579670,15.032282,9.817481,1
600028,2017/1/11,5.76,113645456,14.675584,9.584524,1
600028,2017/1/12,5.83,147131914,14.853933,9.701003,1
600028,2017/1/13,5.89,131748720,15.006804,9.800842,1
600028,2017/1/16,5.96,255364546,15.185153,9.917321,1
600028,2017/1/17,5.99,196082021,15.261588,9.96724,1
600028,2017/1/18,5.97,105178283,15.210631,9.93396,1
600028,2017/1/19,5.86,227103441,14.930368,9.750922,1
600028,2017/1/20,5.86,77271346,14.930368,9.750922,1
600028,2017/1/23,5.87,120774518,14.955846,9.767562,1
600028,2017/1/24,6.06,220296860,15.439936,10.083718,1
600028,2017/1/25,6.05,99044084,15.414458,10.067078,1
600028,2017/1/26,6.03,88310889,15.363501,10.033798,1
600028,2017/2/3,5.95,59164260,15.159673,9.90068,1
600028,2017/2/6,5.95,91671807,15.159673,9.90068,1
600028,2017/2/7,5.87,120022911,14.955845,9.767562,1
600028,2017/2/8,5.85,145172865,14.904888,9.734282,1
600028,2017/2/9,5.81,297648617,14.802974,9.667723,1
600028,2017/2/10,5.87,195626283,14.955845,9.767562,1
600028,2017/2/13,5.87,171441564,14.955845,9.767562,1
600028,2017/2/14,5.84,89134605,14.87941,9.717643,1
600028,2017/2/15,5.85,126880473,14.904888,9.734283,1
600028,2017/2/16,5.81,119110363,14.802974,9.667724,1
600028,2017/2/17,5.79,104121788,14.752017,9.634444,1
600028,2017/2/20,5.88,150800810,14.981323,9.784202,1
600028,2017/2/21,5.89,104524203,15.006801,9.800842,1
600028,2017/2/22,5.97,163358751,15.210629,9.93396,1
600028,2017/2/23,5.88,102297200,14.981323,9.784202,1
600028,2017/2/24,5.81,143292259,14.802974,9.667723,1
600028,2017/2/27,5.73,143887845,14.599146,9.534605,1
600028,2017/2/28,5.75,61590442,14.650103,9.567885,1
600028,2017/3/1,5.76,98793266,14.675581,9.584525,1
600028,2017/3/2,5.74,55572528,14.624624,9.551245,1
600028,2017/3/3,5.66,147628612,14.420796,9.418127,1
600028,2017/3/6,5.64,98095464,14.369839,9.384847,1
600028,2017/3/7,5.63,86532227,14.344361,9.368207,1
600028,2017/3/8,5.65,101402813,14.395318,9.401487,1
600028,2017/3/9,5.6,243217743,14.267926,9.318288,1
600028,2017/3/10,5.51,96607031,14.03862,9.16853,1
600028,2017/3/13,5.53,126940447,14.089577,9.20181,1
600028,2017/3/14,5.55,73246471,14.140534,9.23509,1
600028,2017/3/15,5.59,96767962,14.242448,9.301649,1
600028,2017/3/16,5.64,105976565,14.36984,9.384848,1
600028,2017/3/17,5.56,91782705,14.166012,9.25173,1
600028,2017/3/20,5.68,174193396,14.471753,9.451408,1
600028,2017/3/21,5.67,123005730,14.446275,9.434768,1
600028,2017/3/22,5.74,169043359,14.624624,9.551247,1
600028,2017/3/23,5.71,119369955,14.548189,9.501328,1
600028,2017/3/24,5.8,136578520,14.777495,9.651086,1
600028,2017/3/27,5.71,205816978,14.548189,9.501328,1
600028,2017/3/28,5.67,87886201,14.446275,9.434769,1
600028,2017/3/29,5.69,101238261,14.497232,9.468049,1
600028,2017/3/30,5.67,128092198,14.446275,9.434769,1
600028,2017/3/31,5.74,110164132,14.624624,9.551248,1
600028,2017/4/5,5.85,151070481,14.904887,9.734286,1
600028,2017/4/6,5.89,138001591,15.006801,9.800845,1
600028,2017/4/7,5.99,190777639,15.261585,9.967243,1
600028,2017/4/10,5.95,82140021,15.159671,9.900684,1
600028,2017/4/11,5.94,110522187,15.134193,9.884044,1
600028,2017/4/12,5.93,96920228,15.108715,9.867404,1
600028,2017/4/13,5.89,53970257,15.006801,9.800845,1
600028,2017/4/14,5.88,58997522,14.981323,9.784205,1
600028,2017/4/17,5.85,102502347,14.904888,9.734286,1
600028,2017/4/18,5.8,62089360,14.777496,9.651087,1
600028,2017/4/19,5.76,90991885,14.675582,9.584528,1
600028,2017/4/20,5.75,97088774,14.650104,9.567888,1
600028,2017/4/21,5.8,95240734,14.777496,9.651087,1
600028,2017/4/24,5.84,112190681,14.87941,9.717646,1
600028,2017/4/25,5.79,83939996,14.752018,9.634447,1
600028,2017/4/26,5.78,44331576,14.72654,9.617807,1
600028,2017/4/27,5.78,60152538,14.72654,9.617807,1
600028,2017/4/28,5.78,62922963,14.72654,9.617807,1
600028,2017/5/2,5.73,45254533,14.599148,9.534608,1
600028,2017/5/3,5.73,49767498,14.599148,9.534608,1
600028,2017/5/4,5.71,80045178,14.548191,9.501328,1
600028,2017/5/5,5.64,204412100,14.369842,9.384849,1
600028,2017/5/8,5.72,140065744,14.57367,9.517967,1
600028,2017/5/9,5.71,44816126,14.548192,9.501327,1
600028,2017/5/10,5.71,56194672,14.548192,9.501327,1
600028,2017/5/11,5.8,130189680,14.777498,9.651085,1
600028,2017/5/12,5.87,102486462,14.955847,9.767564,1
600028,2017/5/15,5.9,108443661,15.032282,9.817483,1
600028,2017/5/16,5.87,63290245,14.955847,9.767564,1
600028,2017/5/17,5.79,86428933,14.752019,9.634446,1
600028,2017/5/18,5.81,35441050,14.802976,9.667726,1
600028,2017/5/19,5.84,76358825,14.879411,9.717645,1
600028,2017/5/22,5.95,134547573,15.159674,9.900683,1
600028,2017/5/23,6,188146550,15.287066,9.983882,1
600028,2017/5/24,5.98,95798674,15.236109,9.950602,1
600028,2017/5/25,6.16,222019348,15.694721,10.250118,1
600028,2017/5/26,6.14,168157162,15.643764,10.216838,1
600028,2017/5/31,6.27,196186743,15.974984,10.433155,1
600028,2017/6/1,6.33,218728322,16.127855,10.532994,1
600028,2017/6/2,6.26,99772305,15.949506,10.416515,1
600028,2017/6/5,6.12,118726802,15.592808,10.183558,1
600028,2017/6/6,6.09,99021718,15.516373,10.133639,1
600028,2017/6/7,6.09,133518047,15.516373,10.133639,1
600028,2017/6/8,6.14,134469939,15.643765,10.216838,1
600028,2017/6/9,6.11,129297519,15.56733,10.166919,1
600028,2017/6/12,6.11,94737702,15.56733,10.166919,1
600028,2017/6/13,6.05,91819696,15.414459,10.06708,1
600028,2017/6/14,5.98,104891140,15.23611,9.950601,1
600028,2017/6/15,5.92,115514095,15.083239,9.850762,1
600028,2017/6/16,5.93,61214304,15.108717,9.867402,1
600028,2017/6/19,5.95,57351598,15.159674,9.900682,1
600028,2017/6/20,5.94,82881509,15.134196,9.884042,1
600028,2017/6/21,5.94,78994096,15.134196,9.884042,1
600028,2017/6/22,5.97,133152565,15.210631,9.933961,1
600028,2017/6/23,6.01,89912280,15.312545,10.00052,1
600028,2017/6/26,6,114662508,15.287067,9.98388,1
600028,2017/6/27,5.9,139360128,15.032283,9.817482,1
600028,2017/6/28,5.91,99416204,15.057761,9.834122,1
600028,2017/6/29,5.92,78462566,15.083239,9.850762,1
600028,2017/6/30,5.93,77846828,15.108717,9.867402,1
600028,2017/7/3,5.94,56759901,15.134195,9.884042,1
600028,2017/7/4,6.05,153210021,15.414458,10.06708,1
600028,2017/7/5,6.05,81238883,15.414458,10.06708,1
600028,2017/7/6,6.06,90373560,15.439936,10.08372,1
600028,2017/7/7,6.04,65184751,15.388979,10.05044,1
600028,2017/7/10,6.14,106307313,15.643763,10.216838,1
600028,2017/7/11,6.15,64930492,15.669241,10.233478,1
600028,2017/7/12,6.08,75394625,15.490892,10.116999,1
600028,2017/7/13,6.18,110403079,15.745676,10.283397,1
600028,2017/7/14,6.22,126354063,15.84759,10.349956,1
600028,2017/7/17,6.32,203576814,16.102374,10.516354,1
600028,2017/7/18,6.28,151104955,16.00046,10.449795,1
600028,2017/7/19,6.1,192097033,15.974971,10.150273,1
600028,2017/7/20,6.19,152527889,16.210667,10.300031,1
600028,2017/7/21,6.19,100273564,16.210667,10.300031,1
600028,2017/7/24,6.07,135557318,15.896405,10.100354,1
600028,2017/7/25,6.08,88121088,15.922593,10.116994,1
600028,2017/7/26,6.14,132620320,16.079724,10.216833,1
600028,2017/7/27,6.14,106870571,16.079724,10.216833,1
600028,2017/7/28,6.11,68347240,16.001159,10.166914,1
600028,2017/7/31,6.11,120943395,16.001159,10.166914,1
600028,2017/8/1,6.22,175985762,16.289232,10.349952,1
600028,2017/8/2,6.14,152374303,16.079724,10.216834,1
600028,2017/8/3,6.09,106079320,15.948782,10.133635,1
600028,2017/8/4,6.1,123208910,15.97497,10.150275,1
600028,2017/8/7,6.04,142013139,15.817839,10.050436,1
600028,2017/8/8,6.03,85097229,15.791651,10.033796,1
600028,2017/8/9,6.02,53095192,15.765463,10.017156,1
600028,2017/8/10,6.07,89108800,15.896405,10.100355,1
600028,2017/8/11,6,149069191,15.713086,9.983876,1
600028,2017/8/14,5.98,72299378,15.660709,9.950596,1
600028,2017/8/15,5.97,70345979,15.634521,9.933956,1
600028,2017/8/16,5.92,86429224,15.503579,9.850757,1
600028,2017/8/17,5.94,102247678,15.555956,9.884037,1
600028,2017/8/18,5.92,69875724,15.503579,9.850757,1
600028,2017/8/21,6.02,124424346,15.765464,10.017155,1
600028,2017/8/22,5.99,59391043,15.686899,9.967236,1
600028,2017/8/23,5.95,76941601,15.582145,9.900677,1
600028,2017/8/24,5.96,81338693,15.608333,9.917317,1
600028,2017/8/25,6.03,144220051,15.791652,10.033796,1
600028,2017/8/28,6.07,199163377,15.896406,10.100355,1
600028,2017/8/29,6.06,88435966,15.870218,10.083715,1
600028,2017/8/30,6.06,126359621,15.870218,10.083715,1
600028,2017/8/31,6.01,112965618,15.739276,10.000516,1
600028,2017/9/1,5.99,95367196,15.686899,9.967236,1
600028,2017/9/4,5.95,135695105,15.582145,9.900677,1
600028,2017/9/5,5.95,99346337,15.582145,9.900677,1
600028,2017/9/6,6,125042740,15.713087,9.983876,1
600028,2017/9/7,5.96,102320973,15.608333,9.917317,1
600028,2017/9/8,5.96,57925218,15.608333,9.917317,1
600028,2017/9/11,5.98,76864767,15.66071,9.950597,1
600028,2017/9/12,5.96,78992502,15.608333,9.917317,1
600028,2017/9/13,5.96,49237967,15.608333,9.917317,1
600028,2017/9/14,5.95,65624722,15.582145,9.900677,1
600028,2017/9/15,5.92,72150276,15.50358,9.850758,1
600028,2017/9/18,5.93,62127130,15.529768,9.867398,1
600028,2017/9/19,5.95,51727387,15.582145,9.900678,1
600028,2017/9/20,5.83,42087255,15.529758,9.700991,1
600028,2017/9/21,5.84,40679690,15.556396,9.717631,1
600028,2017/9/22,5.88,100661968,15.662947,9.78419,1
600028,2017/9/25,5.93,120476482,15.796135,9.867389,1
600028,2017/9/26,5.96,104318745,15.876048,9.917308,1
600028,2017/9/27,5.92,41492760,15.769497,9.850749,1
600028,2017/9/28,5.9,51777318,15.716222,9.817469,1
600028,2017/9/29,5.9,41537386,15.716222,9.817469,1
600028,2017/10/9,5.87,72498948,15.636309,9.76755,1
600028,2017/10/10,5.85,67337243,15.583034,9.73427,1
600028,2017/10/11,5.86,58547004,15.609672,9.75091,1
600028,2017/10/12,5.82,80400397,15.503121,9.684351,1
600028,2017/10/13,5.81,78277616,15.476483,9.667711,1
600028,2017/10/16,5.81,93022806,15.476483,9.667711,1
600028,2017/10/17,5.82,55870522,15.503121,9.684351,1
600028,2017/10/18,5.9,165617857,15.716222,9.817469,1
600028,2017/10/19,5.92,130502495,15.769497,9.850749,1
600028,2017/10/20,5.86,49022724,15.609671,9.75091,1
600028,2017/10/23,5.85,49389486,15.583033,9.73427,1
600028,2017/10/24,5.92,129730994,15.769497,9.850748,1
600028,2017/10/25,5.91,69359393,15.742859,9.834108,1
600028,2017/10/26,5.89,92919412,15.689584,9.800828,1
600028,2017/10/27,5.87,69525997,15.636309,9.767548,1
600028,2017/10/30,5.99,246774114,15.955961,9.967225,1
600028,2017/10/31,5.97,115505397,15.902686,9.933945,1
600028,2017/11/1,6.11,297153574,16.275613,10.166902,1
600028,2017/11/2,6.12,170868032,16.302251,10.183542,1
600028,2017/11/3,6.15,230055243,16.382164,10.233461,1
600028,2017/11/6,6.2,245800880,16.515352,10.31666,1
600028,2017/11/7,6.29,345336306,16.755091,10.466418,1
600028,2017/11/8,6.22,218239661,16.568627,10.34994,1
600028,2017/11/9,6.23,113277511,16.595265,10.36658,1
600028,2017/11/10,6.09,214653827,16.222338,10.133623,1
600028,2017/11/13,6.12,185268136,16.302251,10.183542,1
600028,2017/11/14,6.07,111606417,16.169063,10.100343,1
600028,2017/11/15,5.95,250979821,15.849411,9.900666,1
600028,2017/11/16,5.92,115879296,15.769498,9.850747,1
600028,2017/11/17,6,249226418,15.982599,9.983865,1
600028,2017/11/20,6,136789483,15.982599,9.983865,1
600028,2017/11/21,6,183522187,15.982599,9.983865,1
600028,2017/11/22,6.22,319451307,16.568628,10.34994,1
600028,2017/11/23,6.17,245141542,16.43544,10.266741,1
600028,2017/11/24,6.18,178531371,16.462078,10.283381,1
600028,2017/11/27,6.18,201364571,16.462078,10.283381,1
600028,2017/11/28,6.02,161036176,16.035875,10.017145,1
600028,2017/11/29,6.04,125344105,16.08915,10.050425,1
600028,2017/11/30,6.03,81861210,16.062512,10.033785,1
600028,2017/12/1,6.02,85087281,16.035874,10.017145,1
600028,2017/12/4,6.03,93556248,16.062512,10.033785,1
600028,2017/12/5,6.13,287494362,16.328889,10.200183,1
600028,2017/12/6,6.09,126310076,16.222338,10.133624,1
600028,2017/12/7,6.07,94606414,16.169063,10.100344,1
600028,2017/12/8,6.03,74124652,16.062512,10.033785,1
600028,2017/12/11,6.03,92216888,16.062512,10.033785,1
600028,2017/12/12,6.04,123394037,16.08915,10.050425,1
600028,2017/12/13,6.03,60366398,16.062512,10.033785,1
600028,2017/12/14,5.96,78978056,15.876048,9.917307,1
600028,2017/12/15,5.93,78919262,15.796135,9.867388,1
600028,2017/12/18,5.94,51214204,15.822773,9.884028,1
600028,2017/12/19,5.96,54229915,15.876048,9.917308,1
600028,2017/12/20,5.97,95267979,15.902686,9.933948,1
600028,2017/12/21,5.97,56788842,15.902686,9.933948,1
600028,2017/12/22,6.03,94967544,16.062512,10.033787,1
600028,2017/12/25,6.03,90790128,16.062512,10.033787,1
600028,2017/12/26,6.06,90844308,16.142425,10.083706,1
600028,2017/12/27,6.1,148575805,16.248976,10.150265,1
600028,2017/12/28,6.18,135822802,16.462077,10.283383,1
600028,2017/12/29,6.13,70403608,16.328889,10.200184,1
600028,2018/1/2,6.37,367565292,16.968193,10.599539,1
600028,2018/1/3,6.47,243152488,17.23457,10.765937,1
600028,2018/1/4,6.9,510094822,18.37999,11.481447,1
600028,2018/1/5,7.06,426639401,18.806193,11.747683,1
600028,2018/1/8,7.05,334920715,18.779555,11.731043,1
600028,2018/1/9,7,271378719,18.646367,11.647844,1
600028,2018/1/10,7.15,469437627,19.045932,11.897441,1
600028,2018/1/11,7.08,163552716,18.859468,11.780963,1
600028,2018/1/12,7.15,193761782,19.045932,11.897441,1
600028,2018/1/15,7.29,331951180,19.418859,12.130398,1
600028,2018/1/16,7.11,444459199,18.939381,11.830882,1
600028,2018/1/17,7.03,425632323,18.72628,11.697764,1
600028,2018/1/18,7,405583981,18.646367,11.647845,1
600028,2018/1/19,7.04,415730656,18.752918,11.714404,1
600028,2018/1/22,6.91,396091808,18.406628,11.498087,1
600028,2018/1/23,7.04,613996941,18.752918,11.714404,1
600028,2018/1/24,7.32,693930868,19.498773,12.180318,1
600028,2018/1/25,7.25,491620524,19.312309,12.06384,1
600028,2018/1/26,7.38,318579074,19.658599,12.280157,1
600028,2018/1/29,7.44,449185754,19.818425,12.379996,1
600028,2018/1/30,7.21,242381855,19.205759,11.997281,1
600028,2018/1/31,7.08,259123652,18.859469,11.780964,1
600028,2018/2/1,7.16,311483043,19.07257,11.914082,1
600028,2018/2/2,7.54,440910050,20.084801,12.546394,1
600028,2018/2/5,7.63,335156768,20.32454,12.696152,1
600028,2018/2/6,7.41,479664060,19.738511,12.330077,1
600028,2018/2/7,7.15,513901110,19.045932,11.897443,1
600028,2018/2/8,6.72,432525049,17.900512,11.181932,1
600028,2018/2/9,6.38,489042362,16.994831,10.616179,1
600028,2018/2/12,6.3,248630531,16.78173,10.483061,1
600028,2018/2/13,6.34,243241364,16.888281,10.54962,1
600028,2018/2/14,6.31,133293807,16.808368,10.499701,1
600028,2018/2/22,6.48,259659223,17.261208,10.782577,1
600028,2018/2/23,6.58,193423625,17.527585,10.948975,1
600028,2018/2/26,6.63,188817190,17.660773,11.032174,1
600028,2018/2/27,6.56,172069019,17.474309,10.915696,1
600028,2018/2/28,6.41,167239572,17.074744,10.666099,1
600028,2018/3/1,6.39,138409547,17.021469,10.632819,1
600028,2018/3/2,6.33,82447278,16.861643,10.53298,1
600028,2018/3/5,6.39,116716418,17.021469,10.632819,1
600028,2018/3/6,6.47,158587965,17.23457,10.765937,1
600028,2018/3/7,6.44,98567654,17.154657,10.716018,1
600028,2018/3/8,6.45,78698336,17.181295,10.732658,1
600028,2018/3/9,6.39,124606231,17.021469,10.632819,1
600028,2018/3/12,6.45,167765154,17.181295,10.732658,1
600028,2018/3/13,6.37,111008958,16.968194,10.59954,1
600028,2018/3/14,6.42,151561414,17.101382,10.682739,1
600028,2018/3/15,6.42,78418687,17.101382,10.682739,1
600028,2018/3/16,6.42,120960650,17.101382,10.682739,1
600028,2018/3/19,6.59,160433743,17.554222,10.965615,1
600028,2018/3/20,6.83,272151069,18.193526,11.36497,1
600028,2018/3/21,6.85,249435757,18.246801,11.39825,1
600028,2018/3/22,6.84,138413911,18.220163,11.38161,1
600028,2018/3/23,6.83,311374995,18.193525,11.36497,1
600028,2018/3/26,6.64,260536071,17.687409,11.048814,1
600028,2018/3/27,6.64,190206285,17.687409,11.048814,1
600028,2018/3/28,6.43,196946233,17.128018,10.699379,1
600028,2018/3/29,6.62,190152396,17.634134,11.015535,1
600028,2018/3/30,6.48,137833664,17.261207,10.782578,1
600028,2018/4/2,6.43,136567242,17.128019,10.699379,1
600028,2018/4/3,6.38,124044526,16.994831,10.61618,1
600028,2018/4/4,6.43,109646003,17.128019,10.699379,1
600028,2018/4/9,6.59,197314859,17.554222,10.965615,1
600028,2018/4/10,6.77,197983647,18.0337,11.265131,1
600028,2018/4/11,6.89,261699422,18.353352,11.464808,1
600028,2018/4/12,6.94,178656014,18.48654,11.548007,1
600028,2018/4/13,6.83,103702087,18.193526,11.364969,1
600028,2018/4/16,6.71,173829569,17.873874,11.165292,1
600028,2018/4/17,6.62,120369582,17.634135,11.015534,1
600028,2018/4/18,6.85,170517492,18.246801,11.398249,1
600028,2018/4/19,6.9,168501554,18.379989,11.481448,1
600028,2018/4/20,6.83,119402805,18.193525,11.36497,1
600028,2018/4/23,6.83,113532066,18.193525,11.36497,1
600028,2018/4/24,6.94,168885538,18.486539,11.548008,1
600028,2018/4/25,6.75,149301510,17.980423,11.231852,1
600028,2018/4/26,6.75,106568653,17.980423,11.231852,1
600028,2018/4/27,6.91,155236578,18.406626,11.498088,1
600028,2018/5/2,6.87,90546800,18.300075,11.431529,1
600028,2018/5/3,7,147517048,18.646365,11.647846,1
600028,2018/5/4,7.01,99495399,18.673003,11.664486,1
600028,2018/5/7,7.18,168093086,19.125843,11.947362,1
600028,2018/5/8,7.07,180740634,18.832829,11.764324,1
600028,2018/5/9,7.19,155981138,19.152481,11.964001,1
600028,2018/5/10,7.27,132175324,19.365582,12.097119,1
600028,2018/5/11,7.25,82322318,19.312307,12.063839,1
600028,2018/5/14,7.14,163880107,19.019293,11.880801,1
600028,2018/5/15,7.16,100850742,19.072568,11.914081,1
600028,2018/5/16,7.1,122648957,18.912742,11.814242,1
600028,2018/5/17,7.11,100339020,18.93938,11.830882,1
600028,2018/5/18,7.43,248456733,19.791785,12.363355,1
600028,2018/5/21,7.27,267895592,19.365582,12.097119,1
600028,2018/5/22,7.27,110526397,19.365582,12.097119,1
600028,2018/5/23,7.01,192219803,18.673003,11.664485,1
600028,2018/5/24,7,105475323,18.646365,11.647845,1
600028,2018/5/25,6.96,124173576,18.539814,11.581286,1
600028,2018/5/28,6.92,138917050,18.433263,11.514727,1
600028,2018/5/29,6.95,78471764,18.513176,11.564646,1
600028,2018/5/30,6.83,97018034,18.193524,11.364969,1
600028,2018/5/31,7.05,160155082,18.779553,11.731044,1
600028,2018/6/1,7,90876194,18.646365,11.647845,1
600028,2018/6/4,7.05,121706366,18.779553,11.731044,1
600028,2018/6/5,6.58,122712894,18.593072,10.94897,1
600028,2018/6/6,6.52,95424600,18.42353,10.849131,1
600028,2018/6/7,6.52,78642695,18.42353,10.849131,1
600028,2018/6/8,6.5,84057233,18.367016,10.815851,1
600028,2018/6/11,6.34,99002040,17.914905,10.549615,1
600028,2018/6/12,6.43,95906300,18.169218,10.699373,1
600028,2018/6/13,6.49,91454346,18.33876,10.799212,1
600028,2018/6/14,6.46,91703230,18.253989,10.749293,1
600028,2018/6/15,6.49,72948360,18.33876,10.799212,1
600028,2018/6/19,6.45,324900278,18.225732,10.732653,1
600028,2018/6/20,6.4,70343414,18.084447,10.649454,1
600028,2018/6/21,6.41,75496833,18.112704,10.666094,1
600028,2018/6/22,6.27,98913711,17.717107,10.433137,1
600028,2018/6/25,6.22,73941756,17.575822,10.349938,1
600028,2018/6/26,6.1,83610838,17.236739,10.150261,1
600028,2018/6/27,6.29,172584831,17.773621,10.466417,1
600028,2018/6/28,6.45,126964992,18.225732,10.732653,1
600028,2018/6/29,6.49,80432335,18.33876,10.799212,1
600028,2018/7/2,6.31,91321246,17.830135,10.499696,1
600028,2018/7/3,6.27,101683083,17.717107,10.433137,1
600028,2018/7/4,6.23,67550563,17.604079,10.366578,1
600028,2018/7/5,6.31,133497696,17.830135,10.499696,1
600028,2018/7/6,6.27,64517899,17.717107,10.433137,1
600028,2018/7/9,6.41,60422475,18.112704,10.666094,1
600028,2018/7/10,6.51,76455224,18.395273,10.832492,1
600028,2018/7/11,6.38,50374758,18.027933,10.616175,1
600028,2018/7/12,6.35,118773086,17.943162,10.566256,1
600028,2018/7/13,6.34,45528643,17.914905,10.549616,1
600028,2018/7/16,6.33,43539924,17.886648,10.532976,1
600028,2018/7/17,6.2,86807757,17.519308,10.316659,1
600028,2018/7/18,6.21,50214975,17.547565,10.333299,1
600028,2018/7/19,6.25,47232610,17.660593,10.399858,1
600028,2018/7/20,6.39,79037204,18.05619,10.632815,1
600028,2018/7/23,6.43,73035489,18.169218,10.699374,1
600028,2018/7/24,6.52,105004642,18.423531,10.849132,1
600028,2018/7/25,6.54,110597671,18.480045,10.882412,1
600028,2018/7/26,6.56,64314812,18.536559,10.915692,1
600028,2018/7/27,6.62,65863984,18.706101,11.015531,1
600028,2018/7/30,6.6,61902284,18.649587,10.982251,1
600028,2018/7/31,6.76,110240254,19.101698,11.248487,1
600028,2018/8/1,6.65,78698511,18.790872,11.065449,1
600028,2018/8/2,6.52,96026073,18.423532,10.849132,1
600028,2018/8/3,6.58,79160417,18.593074,10.948971,1
600028,2018/8/6,6.51,89523386,18.395275,10.832493,1
600028,2018/8/7,6.79,155491572,19.18647,11.298407,1
600028,2018/8/8,6.73,115866768,19.016928,11.198568,1
600028,2018/8/9,6.71,129780544,18.960414,11.165288,1
600028,2018/8/10,6.63,84778878,18.734358,11.03217,1
600028,2018/8/13,6.6,83621935,18.649587,10.982251,1
600028,2018/8/14,6.63,68200335,18.734358,11.03217,1
600028,2018/8/15,6.49,89506547,18.338761,10.799213,1
600028,2018/8/16,6.39,71842947,18.056191,10.632815,1
600028,2018/8/17,6.33,58034759,17.886649,10.532976,1
600028,2018/8/20,6.46,68333282,18.253989,10.749293,1
600028,2018/8/21,6.48,64877540,18.310503,10.782573,1
600028,2018/8/22,6.53,66776091,18.451788,10.865772,1
600028,2018/8/23,6.57,75984776,18.564816,10.932331,1
600028,2018/8/24,6.63,65244934,18.734358,11.03217,1
600028,2018/8/27,6.82,192263309,19.27124,11.348326,1
600028,2018/8/28,6.85,155139189,19.356011,11.398245,1
600028,2018/8/29,6.86,125617795,19.384268,11.414885,1
600028,2018/8/30,6.8,73870563,19.214726,11.315046,1
600028,2018/8/31,6.84,124527482,19.327754,11.381605,1
600028,2018/9/3,6.81,71431816,19.242983,11.331686,1
600028,2018/9/4,6.89,108095801,19.469039,11.464804,1
600028,2018/9/5,6.7,93778859,18.932157,11.148648,1
600028,2018/9/6,6.7,73584679,18.932157,11.148648,1
600028,2018/9/7,6.68,74469429,18.875643,11.115368,1
600028,2018/9/10,6.72,85008436,18.988671,11.181927,1
600028,2018/9/11,6.78,105376815,19.158213,11.281766,1
600028,2018/9/12,6.65,104849612,19.242969,11.065438,1
600028,2018/9/13,6.83,157256376,19.763831,11.364954,1
600028,2018/9/14,6.77,71452075,19.59021,11.265115,1
600028,2018/9/17,6.71,65403350,19.416589,11.165276,1
600028,2018/9/18,6.81,100914844,19.705957,11.331674,1
600028,2018/9/19,6.93,131861504,20.053199,11.531351,1
600028,2018/9/20,6.89,82525910,19.937452,11.464792,1
600028,2018/9/21,6.95,125925035,20.111073,11.564631,1
600028,2018/9/25,6.88,108918786,19.908515,11.448153,1
600028,2018/9/26,7.07,226493136,20.458314,11.764308,1
600028,2018/9/27,7.04,121376817,20.371504,11.714389,1
600028,2018/9/28,7.12,101070781,20.602998,11.847507,1
600028,2018/10/8,6.62,324857890,19.156158,11.015519,1
600028,2018/10/9,6.66,199678996,19.271905,11.082078,1
600028,2018/10/10,6.67,105126802,19.300842,11.098718,1
600028,2018/10/11,6.4,189637502,18.519549,10.649445,1
600028,2018/10/12,6.52,134631448,18.866791,10.849122,1
600028,2018/10/15,6.48,87893218,18.751044,10.782563,1
600028,2018/10/16,6.55,113735833,18.953602,10.899041,1
600028,2018/10/17,6.47,173475841,18.722108,10.765923,1
600028,2018/10/18,6.21,141264046,17.969751,10.333289,1
600028,2018/10/19,6.31,136834719,18.259119,10.499687,1
600028,2018/10/22,6.46,221140534,18.693171,10.749283,1
600028,2018/10/23,6.25,119932325,18.085498,10.399848,1
600028,2018/10/24,6.19,162772744,17.911877,10.300009,1
600028,2018/10/25,6.2,115152969,17.940814,10.316649,1
600028,2018/10/26,6.26,132757666,18.114435,10.416488,1
600028,2018/10/29,6.23,136255209,18.027625,10.366569,1
600028,2018/10/30,6.31,98581918,18.259119,10.499687,1
600028,2018/10/31,6.31,114708591,18.259119,10.499687,1
600028,2018/11/1,6.26,128178552,18.114435,10.416488,1
600028,2018/11/2,6.32,177990031,18.288056,10.516327,1
600028,2018/11/5,6.32,101934866,18.288056,10.516327,1
600028,2018/11/6,6.35,102057748,18.374866,10.566246,1
600028,2018/11/7,6.24,90076848,18.056561,10.383209,1
600028,2018/11/8,6.25,69948469,18.085498,10.399849,1
600028,2018/11/9,6.14,82414009,17.767193,10.216812,1
600028,2018/11/12,6.18,87324416,17.88294,10.283371,1
600028,2018/11/13,6.18,95736073,17.88294,10.283371,1
600028,2018/11/14,5.97,217829978,17.275267,9.933936,1
600028,2018/11/15,6,108320941,17.362077,9.983855,1
600028,2018/11/16,6.05,134721371,17.506761,10.067054,1
600028,2018/11/19,6.13,85817413,17.738255,10.200172,1
600028,2018/11/20,6.06,86025160,17.535697,10.083694,1
600028,2018/11/21,5.95,147281457,17.217392,9.900657,1
600028,2018/11/22,5.91,85930864,17.101645,9.834098,1
600028,2018/11/23,5.84,80215989,16.899087,9.71762,1
600028,2018/11/26,5.79,76786578,16.754403,9.634421,1
600028,2018/11/27,5.81,53091980,16.812277,9.667701,1
600028,2018/11/28,5.87,55373543,16.985898,9.76754,1
600028,2018/11/29,5.83,50462818,16.870151,9.700981,1
600028,2018/11/30,5.9,69807362,17.072709,9.817459,1
600028,2018/12/3,6.06,160643995,17.535698,10.083695,1
600028,2018/12/4,6.02,91126983,17.419951,10.017136,1
600028,2018/12/5,5.97,56868279,17.275267,9.933937,1
600028,2018/12/6,5.87,92374003,16.985899,9.767539,1
600028,2018/12/7,5.86,39092019,16.956962,9.750899,1
600028,2018/12/10,5.92,86001877,17.130583,9.850738,1
600028,2018/12/11,5.85,62032622,16.928025,9.73426,1
600028,2018/12/12,5.86,48571236,16.956962,9.7509,1
600028,2018/12/13,5.93,75955024,17.15952,9.867378,1
600028,2018/12/14,5.89,112498577,17.043773,9.800819,1
600028,2018/12/17,5.97,62433638,17.275267,9.933937,1
600028,2018/12/18,5.81,82690337,16.812278,9.667701,1
600028,2018/12/19,5.65,119930369,16.349289,9.401465,1
600028,2018/12/20,5.61,73590015,16.233542,9.334906,1
600028,2018/12/21,5.63,67820746,16.291416,9.368186,1
600028,2018/12/24,5.74,108651989,16.609721,9.551223,1
600028,2018/12/25,5.62,77823043,16.262479,9.351546,1
600028,2018/12/26,5.63,56063281,16.291416,9.368186,1
600028,2018/12/27,5.25,429661875,15.191818,8.735875,1
600028,2018/12/28,5.05,322144838,14.613082,8.40308,1
600028,2019/1/2,5.01,218558370,14.497335,8.336521,1
600028,2019/1/3,5.04,154788484,14.584145,8.38644,1
600028,2019/1/4,5.1,161669605,14.757766,8.486279,1
600028,2019/1/7,5.18,200162814,14.98926,8.619397,1
600028,2019/1/8,5.24,152644029,15.162881,8.719236,1
600028,2019/1/9,5.35,190079505,15.481186,8.902273,1
600028,2019/1/10,5.3,145187273,15.336502,8.819074,1
600028,2019/1/11,5.35,80125306,15.481186,8.902273,1
600028,2019/1/14,5.29,72632754,15.307565,8.802434,1
600028,2019/1/15,5.33,86193744,15.423312,8.868993,1
600028,2019/1/16,5.39,83503758,15.596933,8.968832,1
600028,2019/1/17,5.36,75255169,15.510123,8.918913,1
600028,2019/1/18,5.4,100182695,15.62587,8.985472,1
600028,2019/1/21,5.48,101246760,15.857364,9.11859,1
600028,2019/1/22,5.38,91068084,15.567996,8.952192,1
600028,2019/1/23,5.38,64358403,15.567996,8.952192,1
600028,2019/1/24,5.43,75678593,15.71268,9.035391,1
600028,2019/1/25,5.47,67572939,15.828427,9.10195,1
600028,2019/1/28,5.55,146127896,16.059921,9.235068,1
600028,2019/1/29,5.61,129507259,16.233542,9.334907,1
600028,2019/1/30,5.63,86186187,16.291416,9.368187,1
600028,2019/1/31,5.73,108225812,16.580784,9.534585,1
600028,2019/2/1,5.74,77140641,16.609721,9.551225,1
600028,2019/2/11,5.7,101036641,16.493974,9.484666,1
600028,2019/2/12,5.69,111360179,16.465037,9.468026,1
600028,2019/2/13,5.86,136012347,16.956963,9.750902,1
600028,2019/2/14,5.84,85645309,16.899089,9.717622,1
600028,2019/2/15,5.75,79484228,16.638658,9.567864,1
600028,2019/2/18,5.9,126249478,17.07271,9.81746,1
600028,2019/2/19,5.88,85276155,17.014836,9.78418,1
600028,2019/2/20,5.9,64924294,17.07271,9.81746,1
600028,2019/2/21,5.87,79289289,16.9859,9.767541,1
600028,2019/2/22,5.88,96069336,17.014837,9.784181,1
600028,2019/2/25,6.07,269769104,17.564636,10.100337,1
600028,2019/2/26,6,240814265,17.362078,9.983859,1
600028,2019/2/27,6.04,190569311,17.477825,10.050418,1
600028,2019/2/28,6.01,117622218,17.391015,10.000499,1
600028,2019/3/1,6.08,129183467,17.593573,10.116977,1
600028,2019/3/4,6.11,280478806,17.680383,10.166896,1
600028,2019/3/5,6.09,173507508,17.622509,10.133616,1
600028,2019/3/6,6.13,278993688,17.738256,10.200175,1
600028,2019/3/7,6.08,240330401,17.593572,10.116976,1
600028,2019/3/8,5.85,195831445,16.928026,9.734261,1
600028,2019/3/11,5.87,136333323,16.9859,9.767541,1
600028,2019/3/12,5.98,181424860,17.304205,9.950578,1
600028,2019/3/13,5.89,116054801,17.043774,9.80082,1
600028,2019/3/14,5.93,109559567,17.159521,9.867379,1
600028,2019/3/15,5.94,105388138,17.188458,9.884019,1
600028,2019/3/18,6.06,170829451,17.5357,10.083696,1
600028,2019/3/19,6.05,124802851,17.506763,10.067056,1
600028,2019/3/20,6,127874029,17.362079,9.983857,1
600028,2019/3/21,6.01,100927249,17.391016,10.000497,1
600028,2019/3/22,5.98,92824380,17.304206,9.950578,1
600028,2019/3/25,5.82,260345685,16.841217,9.684342,1
600028,2019/3/26,5.7,210214631,16.493975,9.484665,1
600028,2019/3/27,5.72,111254464,16.551849,9.517945,1
600028,2019/3/28,5.64,116248483,16.320355,9.384827,1
600028,2019/3/29,5.74,198148232,16.609723,9.551225,1
600028,2019/4/1,5.84,259446304,16.899091,9.717623,1
600028,2019/4/2,5.81,183227275,16.812281,9.667704,1
600028,2019/4/3,5.86,195680771,16.956965,9.750903,1
600028,2019/4/4,5.93,284445128,17.159523,9.867381,1
600028,2019/4/8,6.03,356305092,17.448891,10.033779,1
600028,2019/4/9,5.96,223271264,17.246333,9.917301,1
600028,2019/4/10,5.9,223721834,17.072712,9.817462,1
600028,2019/4/11,5.83,182456687,16.870154,9.700984,1
600028,2019/4/12,5.82,130434563,16.841217,9.684344,1
600028,2019/4/15,5.81,166914867,16.81228,9.667704,1
600028,2019/4/16,5.9,227526580,17.072711,9.817462,1
600028,2019/4/17,5.88,164409866,17.014837,9.784182,1
600028,2019/4/18,5.85,128765138,16.928027,9.734263,1
600028,2019/4/19,5.87,111557810,16.985901,9.767543,1
600028,2019/4/22,5.93,286965521,17.159522,9.867382,1
600028,2019/4/23,5.88,195261484,17.014838,9.784183,1
600028,2019/4/24,5.82,165145335,16.841217,9.684344,1
600028,2019/4/25,5.73,141111755,16.580786,9.534586,1
600028,2019/4/26,5.66,113545702,16.378228,9.418108,1
600028,2019/4/29,5.66,117911408,16.378228,9.418108,1
600028,2019/4/30,5.68,91009737,16.436102,9.451388,1
600028,2019/5/6,5.44,225156442,15.741619,9.052034,1
600028,2019/5/7,5.45,110319862,15.770556,9.068674,1
600028,2019/5/8,5.38,108369560,15.567998,8.952196,1
600028,2019/5/9,5.35,72966475,15.481188,8.902277,1
600028,2019/5/10,5.43,96371554,15.712682,9.035395,1
600028,2019/5/13,5.37,75913979,15.539061,8.935556,1
600028,2019/5/14,5.36,70323765,15.510124,8.918916,1
600028,2019/5/15,5.4,89243510,15.625871,8.985475,1
600028,2019/5/16,5.44,94228415,15.741618,9.052034,1
600028,2019/5/17,5.41,118252715,15.654808,9.002115,1
600028,2019/5/20,5.46,100177216,15.799492,9.085314,1
600028,2019/5/21,5.48,95284470,15.857366,9.118594,1
600028,2019/5/22,5.45,49308719,15.770556,9.068675,1
600028,2019/5/23,5.46,86615299,15.799493,9.085315,1
600028,2019/5/24,5.39,63724580,15.596935,8.968837,1
600028,2019/5/27,5.43,58728293,15.712682,9.035396,1
600028,2019/5/28,5.44,95213367,15.741619,9.052036,1
600028,2019/5/29,5.41,63141206,15.654809,9.002117,1
600028,2019/5/30,5.47,108792893,15.82843,9.101956,1
600028,2019/5/31,5.43,73725462,15.712683,9.035397,1
600028,2019/6/3,5.44,82451009,15.74162,9.052037,1
600028,2019/6/4,5.43,61178636,15.712683,9.035397,1
600028,2019/6/5,5.48,89091027,15.857367,9.118596,1
600028,2019/6/6,5.48,70639712,15.857367,9.118596,1
600028,2019/6/10,5.54,98645086,16.030988,9.218435,1
600028,2019/6/11,5.3,141037968,16.08886,8.819074,1
600028,2019/6/12,5.26,75032503,15.967435,8.752515,1
600028,2019/6/13,5.25,77934934,15.937079,8.735875,1
600028,2019/6/14,5.21,69314632,15.815654,8.669316,1
600028,2019/6/17,5.23,52763523,15.876367,8.702596,1
600028,2019/6/18,5.26,55197595,15.967436,8.752515,1
600028,2019/6/19,5.29,109152602,16.058505,8.802434,1
600028,2019/6/20,5.36,162172506,16.270999,8.918912,1
600028,2019/6/21,5.41,113954291,16.422781,9.002111,1
600028,2019/6/24,5.4,56151589,16.392425,8.985471,1
600028,2019/6/25,5.39,73954557,16.362069,8.968831,1
600028,2019/6/26,5.46,96869456,16.574563,9.085309,1
600028,2019/6/27,5.43,99970402,16.483494,9.03539,1
600028,2019/6/28,5.47,58980132,16.604919,9.101949,1
600028,2019/7/1,5.48,81692884,16.635275,9.118589,1
600028,2019/7/2,5.44,85428309,16.51385,9.05203,1
600028,2019/7/3,5.38,86208413,16.331712,8.952191,1
600028,2019/7/4,5.45,77167482,16.544206,9.068669,1
600028,2019/7/5,5.42,62777569,16.453137,9.01875,1
600028,2019/7/8,5.33,74493197,16.17993,8.868992,1
600028,2019/7/9,5.26,80060038,15.967436,8.752514,1
600028,2019/7/10,5.2,87589477,15.785298,8.652675,1
